허가일자,상호,설비용량(KW),설치행정시,설치지역,원동력종류,사업개시일,구분,데이터기준일자
2018.4.4,(유)나월(나월태양광발전소),496.8,제주시,애월읍,태양광,2019.4.26,육상,2020.1.20
2014.10.7,(유)메가솔라 태양광발전소,1800,제주시,구좌읍,태양광,2015.7.1,없음,2020.1.20
2014.5.15,(유)무한에코에너지(서민행복8호태양광발전소),516,서귀포시,남원읍,태양광,2014.10.16,없음,2020.1.20
2014.12.9,(유)용흥마을태양광발전소,99,서귀포시,강정동,태양광,2015.10.29,없음,2020.1.20
2014.10.14,(유)제주 늘해랑,2198,서귀포시,성산읍,태양광,2019.1.31,없음,2020.1.20
2007.12.28,(유)케이엔디태양광발전소,80,제주시,한경면,태양광,2008.4.21,없음,2020.1.20
2018.4.2,(주 )일광쏠라 태양광발전소,499.9,서귀포시,성산읍,태양광,2019.2.12,육상,2020.1.20
2014.9.19,(주)가시리태양광,1494,서귀포시,표선면,태양광,2017.3.9,없음,2020.1.20
2015.5.19,(주)강산에너지 홍상기,750,제주시,회천동,태양광,2016.2.3,없음,2020.1.20
2013.12.19,(주)경선태양광((주)경선태양광(무릉지점)발전소),372,서귀포시,대정읍,태양광,2014.6.6,없음,2020.1.20
2017.11.23,(주)경철태양광,997.92,서귀포시,표선면,태양광,2018.12.19,육상,2020.1.20
2012.9.27,(주)구노제주솔라,330,서귀포시,성산읍,태양광,2013.3.11,없음,2020.1.20
2014.10.13,(주)금학전기(금학사호 태양광발전소),599.4,서귀포시,성산읍,태양광,2018.10.12,없음,2020.1.20
2014.7.10,(주)금학전기(금학이태양광발전소),837,서귀포시,남원읍,태양광,2016.7.14,없음,2020.1.20
2014.7.10,(주)금학전기(금학일태양광발전소),1390,서귀포시,남원읍,태양광,2015.12.25,없음,2020.1.20
2014.1.22,(주)나눔장학회((주)나눔태양광(영락)),480,서귀포시,대정읍,태양광,2014.9.3,없음,2020.1.20
2014.1.22,(주)남정수상태양광((주)남정수상태양광(상모1호기)),280,서귀포시,대정읍,태양광,2014.9.3,없음,2020.1.20
2014.2.20,(주)남정수상태양광(상모2호기),450,서귀포시,대정읍,태양광,2014.5.29,없음,2020.1.20
2010.6.21,(주)농업회사법인 제주축산바이오가스발전소,99,제주시,한림읍,바이오가스,2010.8.24,없음,2020.1.20
2013.12.23,(주)다쓰테크 가시리태양광발전소,1999.2,서귀포시,표선면,태양광,2014.6.26,없음,2020.1.20
2014.6.25,(주)다쓰테크 성읍리제2태양광발전소,1238.4,서귀포시,표선면,태양광,2015.2.24,없음,2020.1.20
2014.4.8,(주)다쓰테크 성읍리태양광발전소,859.5,서귀포시,표선면,태양광,2015.5.25,없음,2020.1.20
2013.12.12,(주)대원솔라제주,1396.8,서귀포시,대정읍,태양광,2014.10.8,없음,2020.1.20
2014.1.2,(주)대은계전((주)대은계전 태양광발전소),30,제주시,영평동,태양광,2014.6.26,없음,2020.1.20
2013.5.28,(주)대정태양광발전,400,서귀포시,대정읍,태양광,2013.9.5,없음,2020.1.20
2013.5.28,(주)대정태양광발전,500,서귀포시,대정읍,태양광,2013.9.5,없음,2020.1.20
2012.9.7,(주)더원산업 태양광발전소,499,서귀포시,성산읍,태양광,2017.7.5,없음,2020.1.20
2007.2.21,(주)도암엔지니어링건축사사무소,3,제주시,한경면,태양광,2007.2.27,없음,2020.1.20
2014.1.22,(주)동진태양광,500,서귀포시,대정읍,태양광,2014.12.4,없음,2020.1.20
2019.2.12,(주)뚜르에너지 태양광발전소,436.8,서귀포시,표선면,태양광,2019.8.21,지붕형,2020.1.20
2014.9.19,(주)미래에너지제주,2988,서귀포시,표선면,태양광,2017.3.10,없음,2020.1.20
2014.6.25,(주)삼우태양광발전,360,서귀포시,대정읍,태양광,2015.2.28,없음,2020.1.20
2014.4.7,(주)상모태양광발전,321.6,서귀포시,대정읍,태양광,2015.3.9,없음,2020.1.20
2014.10.15,(주)상은태양광,2988,서귀포시,표선면,태양광,2017.3.10,없음,2020.1.20
2014.4.7,(주)서귀포태양광발전소,1803.6,서귀포시,남원읍,태양광,2014.10.17,없음,2020.1.20
2014.2.5,(주)솔라텍코리아((주)솔라텍코리아 태양광발전소),467,서귀포시,대정읍,태양광,2014.9.3,없음,2020.1.20
2017.6.21,(주)승민태양광,297.6,서귀포시,표선면,태양광,2017.7.26,지붕형,2020.1.20
2009.1.19,(주)업스톤 해오름태양광발전소,194.4,서귀포시,성산읍,태양광,2009.11.19,없음,2020.1.20
2013.5.16,(주)열매 태양광발전소,593.4,서귀포시,남원읍,태양광,2014.8.27,없음,2020.1.20
2014.3.20,(주)영락태양광((주)영락태양광발전소),300,서귀포시,대정읍,태양광,2014.10.8,없음,2020.1.20
2014.1.28,(주)은혜태양광발전,349.28,서귀포시,대정읍,태양광,2014.10.8,없음,2020.1.20
2015.4.6,(주)자연에너지,805.86,서귀포시,하원동,태양광,2019.9.9,없음,2020.1.20
2012.11.16,(주)제이쏠라(한동발전소),450,제주시,구좌읍,태양광,2014.9.26,없음,2020.1.20
2012.11.2,(주)제이씨엘태양광발전소,990,제주시,구좌읍,태양광,2014.7.2,없음,2020.1.20
2013.5.27,(주)제일풍력,95.4,서귀포시,남원읍,태양광,2014.12.15,없음,2020.1.20
2013.8.16,(주)제주도시가스 태양광발전소,99.2,제주시,노형동,태양광,2013.12.13,없음,2020.1.20
2014.3.21,(주)제주청산태양광,400,서귀포시,대정읍,태양광,2015.2.28,없음,2020.1.20
2014.4.7,(주)제주태양광발전소,999,서귀포시,남원읍,태양광,2014.10.17,없음,2020.1.20
2013.12.19,(주)제주햇빛발전소(제주햇빛발전소),1696,서귀포시,표선면,태양광,2014.5.28,없음,2020.1.20
2013.10.8,(주)지상 (지상한림 태양광발전소),999.96,제주시,한림읍,태양광,2014.3.14,없음,2020.1.20
2014.3.10,(주)지상(제주빛나라 태양광발전소),498.96,제주시,한림읍,태양광,2017.9.8,없음,2020.1.20
2014.10.21,(주)탐라그린,2000,서귀포시,대정읍,태양광,2015.12.19,없음,2020.1.20
2014.10.28,(주)태원솔라,495,서귀포시,표선면,태양광,2016.6.24,없음,2020.1.20
2014.10.28,(주)태호에너지,495,서귀포시,표선면,태양광,2016.6.24,없음,2020.1.20
2014.5.15,(주)포에버 제주 태양광발전소,1602,서귀포시,남원읍,태양광,2014.10.10,없음,2020.1.20
2014.10.15,(주)표선태양광,2988,서귀포시,표선면,태양광,2017.3.10,없음,2020.1.20
2017.11.21,(주)하나에너지,498.96,서귀포시,표선면,태양광,2018.10.12,육상,2020.1.20
2012.9.27,(주)한라솔라팜,950,서귀포시,표선면,태양광,2013.4.18,없음,2020.1.20
2014.10.28,(주)한빛에너지,348.4,제주시,구좌읍,태양광,2015.8.11,없음,2020.1.20
2014.9.19,(주)한솔태양광,2988,서귀포시,표선면,태양광,2017.3.9,없음,2020.1.20
2017.11.23,(주)현인태양광,997.92,서귀포시,표선면,태양광,2018.12.19,육상,2020.1.20
2017.4.5,17-001 신성여중학교태양광,99.2,제주시,영평동,태양광,2017.9.25,육상,2020.1.20
2017.5.19,365일에너지태양광발전소,471.2,제주시,한경면,태양광,2018.10.25,육상,2020.1.20
2015.11.13,AJ태양광발전소,185,제주시,용담이동,태양광,2016.4.19,없음,2020.1.20
2014.11.4,HLS 태양광발전소,99,서귀포시,대정읍,태양광,2015.4.21,없음,2020.1.20
2017.7.27,JCG에너지1호태양광발전소,399.84,제주시,한경면,태양광,2018.10.24,육상,2020.1.20
2017.7.27,JCG에너지2호태양광발전소,199.98,제주시,한경면,태양광,2018.10.24,육상,2020.1.20
2017.7.27,JCG에너지3호태양광발전소,199.98,서귀포시,상예동,태양광,2018.10.26,육상,2020.1.20
2014.10.2,JH태양광발전소,99,제주시,구좌읍,태양광,2015.7.1,없음,2020.1.20
2014.6.3,Jin's2태양광발전소,290,서귀포시,대정읍,태양광,2015.4.21,없음,2020.1.20
2014.9.2,JJ태양광발전소,220.2,제주시,구좌읍,태양광,2018.12.3,없음,2020.1.20
2017.9.1,K1태양광발전소,99.28,서귀포시,표선면,태양광,2018.3.28,육상,2020.1.20
2010.9.27,kc하이드로(주),400,제주시,한경면,수력,2013.5.30,없음,2020.1.20
2017.3.21,MC태양광발전소,99.86,서귀포시,중문동,태양광,2017.8.3,육상,2020.1.20
2017.9.29,SM태양광발전소,148.48,제주시,한림읍,태양광,2018.4.9,육상,2020.1.20
2013.11.5,VE에너지,99,서귀포시,대정읍,태양광,2014.7.2,없음,2020.1.20
2018.4.19,YB 태양광발전소,194.4,서귀포시,동홍동,태양광,2019.3.22,육상,2020.1.20
2013.5.27,YJ테크 태양광발전소,95.4,서귀포시,남원읍,태양광,2014.12.15,없음,2020.1.20
2018.1.22,가람태양광발전소,244.4,제주시,구좌읍,태양광,2019.8.22,육상,2020.1.20
2017.9.1,가산2태양광발전소,895.05,서귀포시,남원읍,태양광,2019.1.21,육상,2020.1.20
2018.4.19,가시 태양광발전사업,997.92,서귀포시,표선면,태양광,2019.10.2,육상,2020.1.20
2010.9.3,가시리국산화풍력발전단지,15000,서귀포시,표선면,풍력,2012.3.13,없음,2020.1.20
2014.1.6,가시리풍력발전소,30000,서귀포시,표선면,풍력,2015.1.14,없음,2020.1.20
2018.6.21,가온 태양광발전소,347.76,서귀포시,대정읍,태양광,2019.5.1,육상,2020.1.20
2014.11.4,강빛태양광발전,99,서귀포시,대정읍,태양광,2015.4.21,없음,2020.1.20
2014.11.12,강석1호태양광발전소,99,서귀포시,남원읍,태양광,2015.9.18,없음,2020.1.20
2014.11.12,강석2호태양광발전소,99,서귀포시,남원읍,태양광,2016.12.29,없음,2020.1.20
2014.11.12,강석3호태양광발전소,99,서귀포시,남원읍,태양광,2018.11.6,없음,2020.1.20
2017.9.19,강정태양광발전소,99.4,제주시,한림읍,태양광,2018.3.22,육상,2020.1.20
2017.11.21,거린내태양광발전소,99,제주시,애월읍,태양광,2019.5.31,육상,2020.1.20
2018.11.29,거북 태양광발전소,499.5,서귀포시,표선면,태양광,2019.9.16,육상,2020.1.20
2018.3.19,거슨새미 태양광발전소,201.28,서귀포시,표선면,태양광,2018.10.1,육상,2020.1.20
2018.8.6,건우1호 태양광발전소,99.36,제주시,한림읍,태양광,2019.8.9,육상,2020.1.20
2018.8.6,건우2호태양광발전소,99.36,제주시,한림읍,태양광,2019.8.9,육상,2020.1.20
2018.7.9,건우태양광발전소,276,제주시,한경면,태양광,2019.4.15,육상,2020.1.20
2013.8.13,건화에너지,98,제주시,한림읍,태양광,2014.12.4,없음,2020.1.20
2013.3.7,건희태양광발전소,69.8,제주시,한림읍,태양광,2014.7.29,없음,2020.1.20
2017.5.26,경림1호태양광발전소,997.92,제주시,한경면,태양광,2019.5.2,육상,2020.1.20
2017.2.9,경수태양광발전소,99.2,서귀포시,남원읍,태양광,2017.5.25,없음,2020.1.20
2017.7.27,경원에너지,345.6,제주시,구좌읍,태양광,2018.7.21,육상,2020.1.20
2008.2.1,경일신재생발전(주),98.4,제주시,한경면,태양광,2008.9.9,없음,2020.1.20
2007.6.25,경일신재생발전주식회사,98.4,제주시,한경면,태양광,2008.9.24,없음,2020.1.20
2007.6.25,경일신재생발전주식회사,180,제주시,한경면,태양광,2008.9.30,없음,2020.1.20
2019.3.28,고도농원 태양광발전소,40.95,서귀포시,상효동,태양광,2019.6.20,육상,2020.1.20
2009.11.18,고천에너지 태양광발전소,196.72,서귀포시,표선면,태양광,2010.4.15,없음,2020.1.20
2013.8.13,골든 태양광발전소,73.5,제주시,한림읍,태양광,2014.12.4,없음,2020.1.20
2018.7.18,공혁태양광발전소,198.72,제주시,한림읍,태양광,2019.5.15,육상,2020.1.20
2018.12.11,공혁태양광발전소 2호,37.26,제주시,한림읍,태양광,2019.5.15,육상,2020.1.20
2016.11.25,광령 태양광발전소,499.5,제주시,애월읍,태양광,2019.12.18,없음,2020.1.20
2014.3.21,광령태양광발전소,291.2,제주시,애월읍,태양광,2017.3.3,없음,2020.1.20
2014.10.2,광명전력태양광발전소,99,제주시,한림읍,태양광,2015.5.20,없음,2020.1.20
2016.11.25,광명태양광발전소,98.8,제주시,한경면,태양광,2017.7.25,없음,2020.1.20
2014.11.20,구름 태양광발전소,98,서귀포시,성산읍,태양광,2018.12.31,없음,2020.1.20
2017.5.19,구명물1호태양광발전소,99.28,제주시,한림읍,태양광,2018.3.14,육상,2020.1.20
2017.5.19,구명물2호태양광발전소,82.8,제주시,한림읍,태양광,2019.4.26,육상,2020.1.20
2017.5.19,구명물3호태양광발전소,99.36,제주시,한림읍,태양광,2019.4.26,육상,2020.1.20
2018.5.21,구시털태양광발전소,247.68,제주시,한경면,태양광,2018.10.15,육상,2020.1.20
2014.10.14,구좌읍 상도리 1095발전소,99,제주시,구좌읍,태양광,2015.4.1,없음,2020.1.20
2017.9.29,굿초이스솔라1호,496.4,제주시,애월읍,태양광,2019.1.29,육상,2020.1.20
2015.4.12,귀덕태양광발전소1호기,90,제주시,한림읍,태양광,2017.12.20,없음,2020.1.20
2014.5.15,귀빈 태양광발전소,49.98,제주시,한림읍,태양광,2014.9.17,없음,2020.1.20
2019.8.16,근민 태양광발전소,99.9,제주시,애월읍,태양광,2019.12.2,육상,2020.1.20
2017.2.9,금능1호태양광발전소,496,제주시,한림읍,태양광,2017.10.19,없음,2020.1.20
2017.2.9,금능2호태양광발전소,496,제주시,한림읍,태양광,2017.10.19,없음,2020.1.20
2013.12.19,금동1 태양광발전소,99,제주시,한림읍,태양광,2014.6.20,없음,2020.1.20
2013.12.19,금동2 태양광발전소,99,제주시,한림읍,태양광,2014.6.20,없음,2020.1.20
2018.4.16,금산 태양광발전소,397.8,서귀포시,남원읍,태양광,2019.3.7,육상,2020.1.20
2009.5.25,금성태양광발전소,30,제주시,애월읍,태양광,2009.11.3,없음,2020.1.20
2017.6.21,금성태양광발전소2호,61.2,제주시,애월읍,태양광,2017.11.15,육상,2020.1.20
2017.5.19,금오름1호태양광발전소,99.28,제주시,한림읍,태양광,2018.3.14,육상,2020.1.20
2017.4.21,금오름태양광발전소,495,제주시,한림읍,태양광,2019.1.31,육상,2020.1.20
2017.8.12,금운1태양광발전소,95.85,제주시,애월읍,태양광,2019.5.26,육상,2020.1.20
2017.8.12,금운2태양광발전소,95.85,제주시,애월읍,태양광,2018.5.22,육상,2020.1.20
2019.2.20,금정 태양광발전소,168.49,제주시,애월읍,태양광,2019.11.2,육상,2020.1.20
2017.1.31,금한1호태양광발전소,99,제주시,한림읍,태양광,2018.3.22,없음,2020.1.20
2013.12.23,기헌태양광발전소,99.12,서귀포시,대정읍,태양광,2014.7.23,없음,2020.1.20
2013.5.27,길 태양광발전소,95.4,서귀포시,남원읍,태양광,2014.12.15,없음,2020.1.20
2016.11.24,김녕 태양광발전소,147,제주시,구좌읍,태양광,2018.11.7,없음,2020.1.20
2013.6.12,김녕국가풍력발전실증연구단지,11000,제주시,구좌읍,풍력,2014.6.10,없음,2020.1.20
2009.11.25,김녕국산화풍력발전소,750,제주시,구좌읍,풍력,2010.4.2,없음,2020.1.20
2013.12.19,꿈꾸는(dream)1발전소,99,제주시,한림읍,태양광,2014.6.20,없음,2020.1.20
2013.12.19,꿈꾸는(dream)2 발전소,99,제주시,한림읍,태양광,2014.6.20,없음,2020.1.20
2013.10.2,꿈의 태양광발전소,98,제주시,한림읍,태양광,2014.12.31,없음,2020.1.20
2017.12.15,나민영2태양광발전소,91.8,서귀포시,대정읍,태양광,2019.6.12,육상,2020.1.20
2017.1.3,나민영태양광발전소,99,서귀포시,대정읍,태양광,2019.6.6,없음,2020.1.20
2014.6.30,나할라태양광발전소,98.8,서귀포시,남원읍,태양광,2015.4.18,없음,2020.1.20
2016.11.24,낙천 태양광발전소,129.36,제주시,한경면,태양광,2018.11.7,없음,2020.1.20
2017.8.10,난산태양광발전소,97.28,서귀포시,성산읍,태양광,2018.1.31,육상,2020.1.20
2014.9.2,남순 태양광발전소,40,서귀포시,서홍동,태양광,2015.4.1,없음,2020.1.20
2012.6.25,남제주화력 소내 태양광발전소,196,서귀포시,안덕면,태양광,2012.6.28,없음,2020.1.20
2014.4.4,넥스트솔라,96.72,제주시,용담이동,태양광,2014.7.15,없음,2020.1.20
2014.11.20,녹색 태양광발전소,98,서귀포시,성산읍,태양광,2018.12.31,없음,2020.1.20
2012.11.27,농업회사법인 주식회사 한라산 바이오,500,서귀포시,안덕면,바이오가스,2015.5.1,없음,2020.1.20
2018.6.28,누리 태양광발전소,148.92,서귀포시,성산읍,태양광,2019.1.21,육상,2020.1.20
2014.5.26,뉴럴태양광발전소,40,서귀포시,대정읍,태양광,2015.1.21,없음,2020.1.20
2014.4.7,다니엘태양광발전소,496,서귀포시,남원읍,태양광,2017.4.21,없음,2020.1.20
2012.11.8,다담1호 태양광 발전소,99,제주시,조천읍,태양광,2013.3.5,없음,2020.1.20
2013.4.12,다담2호 태양광발전소,75,제주시,조천읍,태양광,2014.10.10,없음,2020.1.20
2017.3.21,다담3호 태양광발전소,99.06,제주시,회천동,태양광,2019.12.1,없음,2020.1.20
2019.8.2,다담4호 태양광발전소,99.06,제주시,회천동,태양광,2019.12.1,육상,2020.1.20
2018.12.5,다람 태양광발전소,201.28,제주시,애월읍,태양광,2019.8.6,육상,2020.1.20
2018.3.26,다사랑태양광발전소,59.84,제주시,한경면,태양광,2018.12.20,육상,2020.1.20
2013.4.24,다온태양광발전소,40.48,서귀포시,안덕면,태양광,2014.3.21,없음,2020.1.20
2013.3.7,다원태양광,96.8,제주시,한림읍,태양광,2014.5.9,없음,2020.1.20
2014.6.30,닥모루태양광발전소,99,제주시,한경면,태양광,2015.4.21,없음,2020.1.20
2014.12.14,대광태양광,99,서귀포시,대정읍,태양광,2015.9.2,없음,2020.1.20
2017.11.22,대동솔라 태양광발전소,495.72,서귀포시,표선면,태양광,2019.3.4,육상,2020.1.20
2012.9.27,대동태양광발전소,750,서귀포시,표선면,태양광,2013.4.18,없음,2020.1.20
2017.4.5,대림1호 태양광발전소,99.28,제주시,한림읍,태양광,2017.9.13,육상,2020.1.20
2008.1.10,대명쏠라파크주식회사,194.4,서귀포시,표선면,태양광,2009.8.28,없음,2020.1.20
2014.11.7,대정읍 보성리 1503발전소,90,서귀포시,대정읍,태양광,2015.5.20,없음,2020.1.20
2014.12.5,대정읍 보성리 581-1발전소,99,서귀포시,대정읍,태양광,2015.6.19,없음,2020.1.20
2014.12.4,대정읍 보성리 581발전소,90,서귀포시,대정읍,태양광,2015.6.19,없음,2020.1.20
2015.1.13,대현태양광발전소,499.8,서귀포시,상예동,태양광,2016.2.4,없음,2020.1.20
2013.1.4,더케이제주 호텔(주),94.24,제주시,삼도이동,태양광,2013.8.22,없음,2020.1.20
2018.3.26,덕수 태양광발전소,293.76,서귀포시,안덕면,태양광,2019.1.21,육상,2020.1.20
2013.11.29,덕천(DE-002)발전소,75,제주시,구좌읍,태양광,2015.8.11,없음,2020.1.20
2017.9.29,덕천리771발전소,98.42,제주시,구좌읍,태양광,2019.5.28,육상,2020.1.20
2014.12.4,도경태양광발전소,97.5,제주시,한경면,태양광,2017.9.5,없음,2020.1.20
2012.8.17,도련정수장 태양광발전소,215.8,제주시,도련일동,태양광,2013.9.3,없음,2020.1.20
2018.7.9,도송태양광발전소,197.02,제주시,한림읍,태양광,2019.1.30,육상,2020.1.20
2018.4.3,도순 태양광발전소,39.9,서귀포시,도순동,태양광,2019.4.5,육상,2020.1.20
2015.12.19,도원태양광발전소,98.8,서귀포시,대정읍,태양광,2016.11.4,없음,2020.1.20
2014.10.2,도일태양광발전소,99,제주시,구좌읍,태양광,2015.7.1,없음,2020.1.20
2013.6.27,도토리 태양광발전소,31.5,제주시,한림읍,태양광,2014.6.12,없음,2020.1.20
2014.12.9,동구태양광발전소,99,제주시,애월읍,태양광,2016.12.30,없음,2020.1.20
2016.12.12,동복리마을풍력발전소,2000,제주시,구좌읍,풍력,2017.12.1,없음,2020.1.20
2014.6.13,동복북촌풍력발전단지,30000,제주시,구좌읍,풍력,2015.8.1,없음,2020.1.20
2018.6.21,동선 태양광발전소,99.36,서귀포시,안덕면,태양광,2019.2.8,육상,2020.1.20
2017.1.31,동신이엔텍태양광발전소제주,704.32,제주시,구좌읍,태양광,2018.10.10,없음,2020.1.20
2014.6.30,동엽에너지,98,서귀포시,남원읍,태양광,2015.4.18,없음,2020.1.20
2014.10.14,동올레태양광발전소,83.3,제주시,구좌읍,태양광,2015.9.23,없음,2020.1.20
2014.12.4,동은태양광발전소,99,서귀포시,대정읍,태양광,2015.9.2,없음,2020.1.20
2013.9.17,동일리 노인복지회관 태양광발전소,9.95,서귀포시,대정읍,태양광,2014.1.3,없음,2020.1.20
2013.9.17,동일리 다목적회관 태양광발전소,9.95,서귀포시,대정읍,태양광,2014.1.3,없음,2020.1.20
2019.2.25,동일리 태양광발전소,263.07,서귀포시,대정읍,태양광,2019.8.13,육상,2020.1.20
2014.6.3,동일에스이피태양광발전소,99,서귀포시,표선면,태양광,2014.11.17,없음,2020.1.20
2014.12.14,동캐1호태양광발전소,99,서귀포시,대정읍,태양광,2016.3.24,없음,2020.1.20
2014.12.14,동캐2호태양광발전소,99,서귀포시,대정읍,태양광,2015.9.3,없음,2020.1.20
2009.2.5,동해쏠라파크,96,서귀포시,성산읍,태양광,2009.8.28,없음,2020.1.20
2018.7.23,동현햇빛 발전소,460.08,서귀포시,안덕면,태양광,2019.6.26,육상,2020.1.20
2013.12.31,동화태양광발전소,64.9,서귀포시,대정읍,태양광,2014.6.6,없음,2020.1.20
2013.12.10,동회천마을회(동회천 태양광발전소),413,제주시,회천동,태양광,2015.3.12,없음,2020.1.20
2017.12.4,동희태양광발전소,99.28,제주시,한경면,태양광,2018.10.22,육상,2020.1.20
2017.11.21,두강봉태양광발전소,299.2,제주시,한경면,태양광,2018.4.24,육상,2020.1.20
2017.9.29,두모리 1885 발전소,93.44,제주시,한경면,태양광,2019.5.14,육상,2020.1.20
2017.9.29,두모리 444 1호 발전소,97.09,제주시,한경면,태양광,2019.5.14,육상,2020.1.20
2017.9.29,두모리 444 2호 발전소,97.09,제주시,한경면,태양광,2019.5.14,지붕형,2020.1.20
2018.8.24,두못개태양광발전소,98.42,제주시,한경면,태양광,2019.8.12,육상,2020.1.20
2014.12.9,드림 태양광발전소,99,제주시,한경면,태양광,2017.7.28,없음,2020.1.20
2014.11.20,디파워태양광,98,서귀포시,성산읍,태양광,2018.12.31,없음,2020.1.20
2013.12.23,따라비태양광발전소,294,제주시,애월읍,태양광,2017.3.3,없음,2020.1.20
2018.9.19,라일 태양광발전소,998.64,서귀포시,남원읍,태양광,2019.7.9,육상,2020.1.20
2018.6.12,란 태양광발전소,197.02,서귀포시,대정읍,태양광,2019.1.31,육상,2020.1.20
2018.7.18,레드썬,99.36,제주시,조천읍,태양광,2019.3.4,육상,2020.1.20
2014.10.14,루시디티2호태양광발전소,949.76,제주시,구좌읍,태양광,2018.9.28,없음,2020.1.20
2018.6.18,리코태양광발전소,254.8,제주시,오등동,태양광,2019.3.11,육상,2020.1.20
2017.11.6,마루왓1호태양광발전소,99.28,제주시,한림읍,태양광,2018.4.24,육상,2020.1.20
2017.11.6,마루왓2호태양광발전소,99.28,제주시,한림읍,태양광,2018.12.20,육상,2020.1.20
2017.11.6,마루왓3호태양광발전소,99.28,제주시,한림읍,태양광,2018.4.24,육상,2020.1.20
2017.11.6,마루왓4호태양광발전소,99.28,제주시,한림읍,태양광,2018.4.24,육상,2020.1.20
2017.12.4,만주에너지 태양광발전소,990,제주시,조천읍,태양광,2019.1.8,육상,2020.1.20
2013.5.27,만풍1호 태양광발전소,95.4,서귀포시,남원읍,태양광,2014.12.15,없음,2020.1.20
2013.5.27,만풍2호 태양광발전소,95.4,서귀포시,남원읍,태양광,2014.12.15,없음,2020.1.20
2014.3.18,매고1호태양광발전소,99,제주시,한경면,태양광,2014.10.8,없음,2020.1.20
2017.9.1,명도햇빛발전소,494.6,제주시,봉개동,태양광,2018.1.25,육상,2020.1.20
2013.8.13,명승 태양광발전소,98,제주시,한림읍,태양광,2014.12.4,없음,2020.1.20
2014.10.29,명원태양광 2호,98,서귀포시,성산읍,태양광,2015.10.6,없음,2020.1.20
2014.10.29,명원태양광1호,98,서귀포시,성산읍,태양광,2015.10.6,없음,2020.1.20
2018.4.24,명원태양광발전소,99.16,제주시,한림읍,태양광,2019.12.24,육상,2020.1.20
2013.8.22,명월 태양광발전소,99,제주시,한림읍,태양광,2014.5.20,없음,2020.1.20
2014.9.2,명월3호태양광발전소,99,제주시,한림읍,태양광,2015.5.5,없음,2020.1.20
2014.3.11,명월리발전소1호기,99,제주시,한림읍,태양광,2017.12.20,없음,2020.1.20
2014.3.11,명월리발전소2호기,99,제주시,한림읍,태양광,2017.12.20,없음,2020.1.20
2017.10.20,명월태양광발전소,196.98,제주시,한림읍,태양광,2018.9.28,육상,2020.1.20
2014.12.14,명월햇빛1호 태양광발전소,99,제주시,한림읍,태양광,2015.5.5,없음,2020.1.20
2014.12.14,명월햇빛2호태양광발전소,99,제주시,한림읍,태양광,2019.4.8,없음,2020.1.20
2019.3.28,무릉1리다목적회관 태양광발전소,31.08,서귀포시,대정읍,태양광,2019.6.14,육상,2020.1.20
2014.12.9,무릉중앙태양광발전소,500,서귀포시,대정읍,태양광,2015.8.20,없음,2020.1.20
2018.9.21,무릉태양광,393.68,서귀포시,대정읍,태양광,2019.10.29,육상,2020.1.20
2014.3.18,문보태양광발전소,99,제주시,한경면,태양광,2019.4.15,없음,2020.1.20
2019.1.7,문수 태양광발전소,99.36,제주시,한림읍,태양광,2019.6.28,육상,2020.1.20
2018.12.11,문수태양광발전소,98.8,서귀포시,대정읍,태양광,2019.6.17,육상,2020.1.20
2018.6.18,문수태양광발전소,99.62,제주시,애월읍,태양광,2019.1.29,육상,2020.1.20
2019.3.12,문영2 태양광발전소,84.24,서귀포시,남원읍,태양광,2019.9.24,육상,2020.1.20
2014.3.18,문영태양광발전소,60,서귀포시,남원읍,태양광,2014.8.1,없음,2020.1.20
2019.6.10,문지훈 태양광발전소,459.9,서귀포시,대정읍,태양광,2019.10.29,육상,2020.1.20
2017.9.1,뮤즈태양광발전소,498.48,제주시,조천읍,태양광,2018.4.6,육상,2020.1.20
2017.9.29,미래제이에스티솔라1호,992.8,제주시,애월읍,태양광,2019.1.29,육상,2020.1.20
2017.9.29,미래제주솔라1호,992.8,제주시,애월읍,태양광,2019.1.29,육상,2020.1.20
2017.10.20,미래태양광발전소,298.08,서귀포시,대정읍,태양광,2019.5.2,육상,2020.1.20
2018.12.14,미인 태양광발전소,98.8,서귀포시,대정읍,태양광,2019.3.19,육상,2020.1.20
2017.9.1,미주1호태양광반전소,99.28,제주시,한림읍,태양광,2018.12.17,육상,2020.1.20
2013.4.29,미희태양광발전소,46,서귀포시,대정읍,태양광,2014.10.1,없음,2020.1.20
2018.3.7,민경태양광발전소,99.4,서귀포시,서홍동,태양광,2018.11.27,육상,2020.1.20
2013.8.13,민규 태양광발전소,98,제주시,한림읍,태양광,2014.12.4,없음,2020.1.20
2018.7.9,민서태양광발전소,99.16,제주시,한경면,태양광,2019.12.25,육상,2020.1.20
2018.7.2,민솔라5호태양광발전소,99.06,제주시,조천읍,태양광,2019.4.26,육상,2020.1.20
2018.7.2,민솔라6호태양광발전소,99.36,제주시,조천읍,태양광,2019.4.26,육상,2020.1.20
2013.8.21,민솔라에너지,95.68,제주시,조천읍,태양광,2014.6.4,없음,2020.1.20
2012.3.30,민솔라에너지,99.84,제주시,조천읍,태양광,2013.8.1,없음,2020.1.20
2007.1.5,민솔라에너지,90.72,제주시,조천읍,태양광,2007.4.4,없음,2020.1.20
2007.12.28,민솔라에너지(금빛태양광발전소 양수),90.72,제주시,조천읍,태양광,2010.5.31,없음,2020.1.20
2018.12.24,바다 태양광발전소,787.36,제주시,구좌읍,태양광,2019.8.14,육상,2020.1.20
2017.11.6,바름태양광발전소,99,제주시,한림읍,태양광,2019.8.12,육상,2020.1.20
2013.3.7,반석 태양광발전소,96.8,제주시,한림읍,태양광,2014.7.29,없음,2020.1.20
2017.11.6,밝은누리에너지상대리태양광발전소,414.72,제주시,한림읍,태양광,2019.4.19,육상,2020.1.20
2018.10.11,배명 태양광발전소,97.92,제주시,한경면,태양광,2019.5.14,육상,2020.1.20
2014.4.4,백일에너지,97.2,서귀포시,대정읍,태양광,2014.9.17,없음,2020.1.20
2014.4.4,백일태양광,97.2,서귀포시,대정읍,태양광,2014.10.2,없음,2020.1.20
2018.1.30,백화원태양광발전소,489.6,제주시,외도일동,태양광,2019.3.4,육상,2020.1.20
2007.12.14,번내태양광발전주식회사,90.72,서귀포시,안덕면,태양광,2008.5.13,없음,2020.1.20
2007.12.14,번내태양광발전주식회사,90.72,서귀포시,안덕면,태양광,2008.5.13,없음,2020.1.20
2014.3.18,범호태양광발전소,99,제주시,한경면,태양광,2015.1.21,없음,2020.1.20
2012.11.8,법영1호 태양광발전소,99.06,제주시,한경면,태양광,2019.12.24,없음,2020.1.20
2013.4.5,법영2호 태양광발전소,99,제주시,한경면,태양광,2014.2.5,없음,2020.1.20
2013.5.2,법영3호태양광발전소,99,제주시,한경면,태양광,2014.2.5,없음,2020.1.20
2012.12.3,베누스태양광발전소,30,제주시,애월읍,태양광,2013.4.13,없음,2020.1.20
2013.12.19,벨리 태양광발전소,320,서귀포시,대정읍,태양광,2014.7.22,없음,2020.1.20
2013.3.7,병옥 태양광발전소,96.8,제주시,한림읍,태양광,2014.8.27,없음,2020.1.20
2014.10.2,보능태양광발전소,99,제주시,구좌읍,태양광,2015.7.1,없음,2020.1.20
2014.12.4,보배태양광발전소,99,서귀포시,대정읍,태양광,2015.9.2,없음,2020.1.20
2013.10.2,보원 태양광발전소,98,제주시,한림읍,태양광,2015.1.21,없음,2020.1.20
2012.9.27,보타리 신태양광발전소,30,제주시,애월읍,태양광,2012.11.29,없음,2020.1.20
2007.5.3,보타리에너지주식회사,30,제주시,애월읍,태양광,2007.8.6,없음,2020.1.20
2018.7.26,보타리팜태양광발전소,197.6,제주시,한림읍,태양광,2019.6.12,육상,2020.1.20
2018.9.19,보현 태양광발전소,994.5,제주시,구좌읍,태양광,2019.8.13,육상,2020.1.20
2008.1.10,복미태양광발전주식회사,99.9,서귀포시,남원읍,태양광,2009.9.21,없음,2020.1.20
2013.8.13,복주1호 태양광발전소,98,제주시,한림읍,태양광,2014.5.9,없음,2020.1.20
2013.8.13,복주2호 태양광발전소,98,제주시,한림읍,태양광,2014.5.9,없음,2020.1.20
2016.11.24,봉개 태양광발전소,161,제주시,봉개동,태양광,2018.11.7,없음,2020.1.20
2017.7.27,봉개동주민대책위원회태양광발전소,1996.8,제주시,회천동,태양광,2018.10.24,육상,2020.1.20
2014.10.2,봉룡태양광발전소,99,제주시,구좌읍,태양광,2015.7.1,없음,2020.1.20
2008.2.26,봉성태양광발전소,28.8,제주시,애월읍,태양광,2008.9.11,없음,2020.1.20
2014.12.4,부용태양광발전소,97.5,제주시,한경면,태양광,2016.9.28,없음,2020.1.20
2019.2.7,북촌 태양광발전소,291.6,제주시,조천읍,태양광,2019.5.15,육상,2020.1.20
2018.7.5,북촌태양광발전소,483.12,제주시,조천읍,태양광,2019.10.18,육상,2020.1.20
2018.7.18,블루썬,99.36,제주시,조천읍,태양광,2019.3.4,육상,2020.1.20
2013.3.20,비봉태양광발전소,96.6,서귀포시,남원읍,태양광,2014.3.21,없음,2020.1.20
2014.6.30,빛나리1호태양광발전소,99,서귀포시,대정읍,태양광,2015.8.3,없음,2020.1.20
2013.3.7,사랑 태양광발전소,96.8,제주시,한림읍,태양광,2014.5.9,없음,2020.1.20
2014.11.14,산남주민지원협의체,200,서귀포시,상예동,태양광,2015.4.15,없음,2020.1.20
2017.12.15,산하영태양광발전소,99.28,제주시,한경면,태양광,2019.2.27,육상,2020.1.20
2017.4.12,산하태양광발전소,99,제주시,한림읍,태양광,2019.1.31,육상,2020.1.20
2017.12.15,산하환태양광발전소,99.28,제주시,한경면,태양광,2019.4.10,육상,2020.1.20
2018.4.19,삼광 태양광발전소,489.6,제주시,외도일동,태양광,2019.2.12,육상,2020.1.20
2010.4.20,삼광산업개발,199.64,서귀포시,성산읍,태양광,2010.12.3,없음,2020.1.20
2009.7.23,삼광태양광발전소,194.4,서귀포시,성산읍,태양광,2011.1.3,없음,2020.1.20
2018.2.13,삼다도농장1호태양광발전소,296.96,제주시,구좌읍,태양광,2018.12.10,육상,2020.1.20
2018.2.13,삼다도농장2호태양광발전소,696.32,제주시,구좌읍,태양광,2018.9.20,육상,2020.1.20
2019.6.11,삼달 태양광발전소,999,서귀포시,성산읍,태양광,2019.12.1,육상,2020.1.20
2017.12.27,삼달1호 태양광발전소,195.84,서귀포시,성산읍,태양광,2019.6.18,육상,2020.1.20
2008.2.28,삼달풍력발전소,33000,서귀포시,성산읍,풍력,2009.10.21,없음,2020.1.20
2018.8.2,삼원 태양광발전소,492.75,서귀포시,성산읍,태양광,2019.3.4,육상,2020.1.20
2018.9.19,삼인 태양광발전소,473.04,제주시,봉개동,태양광,2019.10.11,육상,2020.1.20
2014.12.14,상명1호 태양광발전소,99,제주시,한림읍,태양광,2016.3.24,없음,2020.1.20
2014.12.14,상명2호태양광발전소,99,제주시,한림읍,태양광,2016.12.30,없음,2020.1.20
2014.12.14,상명3호태양광발전소,99,제주시,한림읍,태양광,2017.9.13,없음,2020.1.20
2017.7.11,상명새마을회태양광발전소,99.28,제주시,한림읍,태양광,2018.12.3,육상,2020.1.20
2014.5.2,상명풍력발전소,21000,제주시,한림읍,풍력,2016.8.22,없음,2020.1.20
2014.12.6,상익1호 태양광발전소,75,서귀포시,표선면,태양광,2015.4.1,없음,2020.1.20
2018.3.26,서광 태양광발전소,295.65,서귀포시,대정읍,태양광,2019.5.21,육상,2020.1.20
2018.11.23,서광 태양광발전소,199.43,서귀포시,안덕면,태양광,2019.4.19,육상,2020.1.20
2018.5.11,서광 태양광발전소,99.36,서귀포시,안덕면,태양광,2019.3.4,육상,2020.1.20
2013.11.18,서광그린파워(주)(서광그린파워태양광발전소),350,서귀포시,대정읍,태양광,2014.5.16,없음,2020.1.20
2014.1.2,서광그린파워(주)(서광동일 태양광발전소),549.88,서귀포시,대정읍,태양광,2014.5.29,없음,2020.1.20
2013.12.31,서광그린파워(주)(서광무릉 태양광발전소),519.79,서귀포시,대정읍,태양광,2014.5.29,없음,2020.1.20
2014.1.2,서광그린파워(주)(서광신도 태양광발전소),299.72,서귀포시,대정읍,태양광,2014.5.16,없음,2020.1.20
2019.2.11,서락 태양광발전소,89.25,서귀포시,대정읍,태양광,2019.8.19,육상,2020.1.20
2013.10.2,서연태양광발전소,98,제주시,한림읍,태양광,2014.12.31,없음,2020.1.20
2014.7.28,서영1호태양광발전소,99.3,제주시,해안동,태양광,2017.9.14,없음,2020.1.20
2014.7.28,서영2호태양광발전소,99.3,제주시,해안동,태양광,2017.9.14,없음,2020.1.20
2018.3.26,서원 태양광발전소,293.76,서귀포시,하원동,태양광,2019.3.4,육상,2020.1.20
2014.7.28,서진9호태양광발전소,99.3,제주시,해안동,태양광,2019.3.21,없음,2020.1.20
2014.11.12,서현에너지,99,서귀포시,대정읍,태양광,2015.7.2,없음,2020.1.20
2013.7.11,서회천마을회 태양광발전소,466.56,제주시,회천동,태양광,2014.7.18,없음,2020.1.20
2015.10.20,서회천마을회2호 태양광발전소,62.1,제주시,회천동,태양광,2016.3.4,없음,2020.1.20
2014.12.9,선 태양광발전소,98,제주시,한림읍,태양광,2015.8.7,없음,2020.1.20
2014.11.12,선영에너지,99,서귀포시,대정읍,태양광,2015.7.2,없음,2020.1.20
2014.12.4,선영태양광발전소,97.5,제주시,한경면,태양광,2017.8.2,없음,2020.1.20
2017.12.4,선우태양광발전소,250.24,제주시,한경면,태양광,2019.2.27,육상,2020.1.20
2014.10.2,선태양광발전소,99,제주시,구좌읍,태양광,2015.7.1,없음,2020.1.20
2014.12.4,섭지코지 태양광발전소,97.5,서귀포시,성산읍,태양광,2015.5.31,없음,2020.1.20
2016.8.18,성보태양광,483.12,서귀포시,중문동,태양광,2017.5.12,없음,2020.1.20
2014.11.20,성산명진 태양광발전소,70,서귀포시,성산읍,태양광,2018.12.31,없음,2020.1.20
2008.2.28,성산풍력 1단계,12000,서귀포시,성산읍,풍력,2009.3.30,없음,2020.1.20
2010.1.7,성산풍력 2단계,8000,서귀포시,성산읍,풍력,2010.11.12,없음,2020.1.20
2012.8.17,성산하수처리장 태양광발전소,158.08,서귀포시,성산읍,태양광,2013.7.25,없음,2020.1.20
2015.9.8,성수1태양광발전소,99,서귀포시,성산읍,태양광,2016.1.22,없음,2020.1.20
2014.12.4,성애태양광발전소,97.5,제주시,한경면,태양광,2017.9.5,없음,2020.1.20
2018.2.28,성요셉태양광발전소,199.2,제주시,한경면,태양광,2019.3.1,육상,2020.1.20
2014.12.4,성자태양광발전소,97.5,제주시,한경면,태양광,2017.9.5,없음,2020.1.20
2014.3.4,성진 태양광발전소,99.12,서귀포시,대정읍,태양광,2014.9.3,없음,2020.1.20
2017.11.6,성현에너지금악1태양광발전소,271.35,제주시,한림읍,태양광,2019.4.2,육상,2020.1.20
2016.10.17,성현태양광발전소,99,제주시,한림읍,태양광,2019.6.17,없음,2020.1.20
2018.11.5,성희 태양광발전소,97.92,제주시,해안동,태양광,2019.7.23,육상,2020.1.20
2014.9.25,세경발전소,24,서귀포시,하효동,태양광,2015.2.9,없음,2020.1.20
2018.5.31,세계 태양광발전소,198.9,서귀포시,대정읍,태양광,2019.5.28,육상,2020.1.20
2017.1.3,세계태양광발전소,333.2,서귀포시,성산읍,태양광,2018.1.23,없음,2020.1.20
2018.10.29,세미 태양광발전소,99.9,서귀포시,대정읍,태양광,2019.8.28,육상,2020.1.20
2018.10.29,세미2 태양광발전소,99.9,서귀포시,대정읍,태양광,2019.9.23,육상,2020.1.20
2018.4.16,세을목 태양광발전소,404.6,서귀포시,성산읍,태양광,2019.3.5,육상,2020.1.20
2017.4.20,세정태양광발전소,99.28,서귀포시,대정읍,태양광,2017.11.4,육상,2020.1.20
2017.1.31,세화태양광발전소,299.2,서귀포시,표선면,태양광,2017.12.29,없음,2020.1.20
2011.3.23,세화태양광발전소,450,서귀포시,표선면,태양광,2012.11.30,없음,2020.1.20
2018.9.14,세훈 태양광발전소,300.6,서귀포시,성산읍,태양광,2019.6.29,육상,2020.1.20
2017.9.29,소민태양광발전소,316.8,제주시,화북이동,태양광,2018.5.11,육상,2020.1.20
2014.12.14,소연에너지,99,서귀포시,대정읍,태양광,2015.9.2,없음,2020.1.20
2014.6.30,소현태양광발전소,98,서귀포시,남원읍,태양광,2015.4.18,없음,2020.1.20
2013.3.20,솔솔라 태양광발전소,997.7,서귀포시,남원읍,태양광,2014.1.28,없음,2020.1.20
2017.4.5,송당리태양광발전소1호,60.3,제주시,구좌읍,태양광,2017.6.20,육상,2020.1.20
2017.6.21,송당태양광발전소,999.9,제주시,구좌읍,태양광,2019.10.18,지붕형,2020.1.20
2014.10.14,송림태양광발전소,990,제주시,구좌읍,태양광,2018.10.10,없음,2020.1.20
2017.4.26,수경태양광발전소,180.2,서귀포시,대정읍,태양광,2017.12.29,육상,2020.1.20
2010.7.8,수도전기(주),200,제주시,구좌읍,태양광,2011.3.28,없음,2020.1.20
2016.9.12,수망햇빛1호태양광발전소,299.2,서귀포시,남원읍,태양광,2017.11.4,없음,2020.1.20
2014.11.30,수산리예원동신성회,33.25,제주시,애월읍,태양광,2015.12.9,없음,2020.1.20
2013.3.20,수아태양광발전소,96.6,서귀포시,남원읍,태양광,2014.3.21,없음,2020.1.20
2014.11.7,수열태양광발전소,99,제주시,조천읍,태양광,2015.7.23,없음,2020.1.20
2014.12.4,수완태양광발전소,99,서귀포시,대정읍,태양광,2015.9.2,없음,2020.1.20
2017.1.4,수월봉태양광발전소,98.8,제주시,한경면,태양광,2017.8.19,없음,2020.1.20
2014.6.25,수정태양광발전소,350,서귀포시,대정읍,태양광,2015.4.21,없음,2020.1.20
2013.3.22,순1호 태양광발전소,95.4,서귀포시,남원읍,태양광,2014.12.15,없음,2020.1.20
2013.3.22,순2호 태양광발전소,95.4,서귀포시,남원읍,태양광,2014.12.15,없음,2020.1.20
2018.5.31,순애태양광발전소,249.6,제주시,영평동,태양광,2019.4.8,육상,2020.1.20
2016.11.25,쉬영목태양광발전소,98.8,제주시,구좌읍,태양광,2017.12.29,없음,2020.1.20
2013.5.16,스마트 태양광발전소,496.84,서귀포시,남원읍,태양광,2014.9.25,없음,2020.1.20
2017.1.4,승모태양광발전소,98.8,제주시,한림읍,태양광,2017.9.13,없음,2020.1.20
2017.1.4,승연태양광발전소,98.8,제주시,한림읍,태양광,2017.9.13,없음,2020.1.20
2014.6.30,승엽에너지,98,서귀포시,남원읍,태양광,2015.4.18,없음,2020.1.20
2017.2.9,승영태양광발전소,59.52,제주시,애월읍,태양광,2018.10.25,없음,2020.1.20
2014.12.4,승현태양광발전소,97.5,제주시,한경면,태양광,2017.9.21,없음,2020.1.20
2015.1.13,신광1호태양광발전소,766.8,서귀포시,남원읍,태양광,2016.12.30,없음,2020.1.20
2015.1.13,신광2호태양광발전소,702,서귀포시,남원읍,태양광,2016.12.30,없음,2020.1.20
2016.11.25,신광태양광발전소,98.8,제주시,한경면,태양광,2017.7.25,없음,2020.1.20
2018.6.21,신산 태양광발전소,492.75,서귀포시,성산읍,태양광,2019.1.21,육상,2020.1.20
2016.11.25,신산1호태양광발전소,98.8,서귀포시,남원읍,태양광,2017.10.13,없음,2020.1.20
2009.6.25,신석 태양광발전소,30,제주시,애월읍,태양광,2009.11.3,없음,2020.1.20
2018.4.10,신석태양광2발전소,82.08,제주시,애월읍,태양광,2018.8.7,육상,2020.1.20
2015.5.28,신성태양광발전소,64.05,제주시,한경면,태양광,2015.12.19,없음,2020.1.20
2018.9.20,신와 태양광발전소,166.5,제주시,조천읍,태양광,2019.8.7,육상,2020.1.20
2013.8.8,신우태양광발전소,400,제주시,한경면,태양광,2014.2.12,없음,2020.1.20
2018.3.26,신재생에너지홍보관주차장태양광발전소,99.7,제주시,구좌읍,태양광,2018.11.6,육상,2020.1.20
2014.11.4,신제태양광,99,서귀포시,대정읍,태양광,2015.4.21,없음,2020.1.20
2005.4.4,신창풍력발전단지,1700,제주시,한경면,풍력,2006.3.3,없음,2020.1.20
2013.5.27,신천3호태양광발전소,95.4,서귀포시,남원읍,태양광,2014.12.18,없음,2020.1.20
2013.3.22,신천4호 태양광발전소,95.4,서귀포시,남원읍,태양광,2014.12.15,없음,2020.1.20
2018.7.5,신촌NS발전소,99.36,제주시,조천읍,태양광,2019.5.23,육상,2020.1.20
2018.7.5,신촌NS발전소2,99.36,제주시,조천읍,태양광,2019.5.23,육상,2020.1.20
2018.7.5,신촌NS발전소3,99.36,제주시,조천읍,태양광,2019.5.23,육상,2020.1.20
2013.3.22,신흥 태양광발전소,95.4,서귀포시,남원읍,태양광,2014.12.15,없음,2020.1.20
2017.6.21,신흥리태양광발전소,996.48,서귀포시,남원읍,태양광,2018.5.3,육상,2020.1.20
2017.4.21,신흥태양광발전소,99,서귀포시,남원읍,태양광,2018.1.4,육상,2020.1.20
2013.5.27,써니태양광발전소,95.4,서귀포시,남원읍,태양광,2014.12.15,없음,2020.1.20
2013.5.27,썬열 태양광발전소,95.4,서귀포시,남원읍,태양광,2014.12.4,없음,2020.1.20
2013.11.5,썬태양광발전소,99,서귀포시,대정읍,태양광,2014.7.2,없음,2020.1.20
2013.5.27,아가페태양광발전소,95.4,서귀포시,남원읍,태양광,2014.12.15,없음,2020.1.20
2014.12.4,아라태양광발전소,297,서귀포시,남원읍,태양광,2015.9.5,없음,2020.1.20
2016.10.28,안성태양광발전소,199.8,서귀포시,대정읍,태양광,2017.3.4,없음,2020.1.20
2014.1.22,알파 태양광발전소,99,제주시,애월읍,태양광,2014.5.20,없음,2020.1.20
2014.8.13,알파에너지,99,서귀포시,대정읍,태양광,2015.4.21,없음,2020.1.20
2013.12.12,앤씨개발,397,서귀포시,표선면,태양광,2014.5.28,없음,2020.1.20
2015.1.13,양지태양광발전소,499.8,서귀포시,상예동,태양광,2015.12.16,없음,2020.1.20
2017.10.30,억새미발전소,49.92,제주시,이호이동,태양광,2018.3.14,육상,2020.1.20
2013.3.7,에스비파워,96.8,제주시,한림읍,태양광,2014.9.16,없음,2020.1.20
2013.4.24,에스에스에이치 태양광발전소,96.6,서귀포시,안덕면,태양광,2014.3.21,없음,2020.1.20
2017.6.21,에스에이치이엔씨 10호 태양광발전소,993.6,서귀포시,안덕면,태양광,2019.8.22,육상,2020.1.20
2014.6.30,에스에이티태양광발전소,98,서귀포시,남원읍,태양광,2015.4.18,없음,2020.1.20
2013.3.29,에스에프태양광발전소,400,서귀포시,남원읍,태양광,2014.3.21,없음,2020.1.20
2013.3.7,에스엠태양광발전소,96.8,제주시,한림읍,태양광,2014.9.16,없음,2020.1.20
2018.4.19,에스제이1호태양광발전소,496.8,제주시,한림읍,태양광,2019.1.16,육상,2020.1.20
2014.11.20,에이치에스태양광발전소,98,서귀포시,성산읍,태양광,2018.12.31,없음,2020.1.20
2013.5.16,에이티태양광발전소,96.6,서귀포시,남원읍,태양광,2014.9.15,없음,2020.1.20
2013.5.20,에코에너지1호태양광발전소,106.9,서귀포시,대정읍,태양광,2016.8.19,없음,2020.1.20
2014.10.20,에코에너지태양광발전사업,99,서귀포시,대정읍,태양광,2015.8.22,없음,2020.1.20
2013.6.21,에코플랜2호 태양광 발전소,72.03,서귀포시,대정읍,태양광,2015.4.9,없음,2020.1.20
2013.3.7,에코플랜태양광발전소,96.8,제주시,한림읍,태양광,2014.7.29,없음,2020.1.20
2015.1.13,엔에스태양광발전소,499.8,서귀포시,상예동,태양광,2016.3.23,없음,2020.1.20
2013.8.13,여명2 태양광발전소,98,제주시,한림읍,태양광,2014.12.4,없음,2020.1.20
2013.3.7,여명태양광발전소,96.8,제주시,한림읍,태양광,2014.5.9,없음,2020.1.20
2018.11.19,연화 태양광발전소,150.15,제주시,애월읍,태양광,2019.7.16,육상,2020.1.20
2018.8.20,영관태양광발전소,401.76,제주시,애월읍,태양광,2019.7.26,육상,2020.1.20
2017.8.10,영동태양광발전소,199.68,서귀포시,성산읍,태양광,2018.1.31,육상,2020.1.20
2018.11.29,영락 태양광발전소,304.56,서귀포시,대정읍,태양광,2019.9.20,육상,2020.1.20
2018.8.8,영락 태양광발전소,97.92,서귀포시,대정읍,태양광,2018.11.2,육상,2020.1.20
2009.11.18,영제 태양광발전소,196.72,서귀포시,표선면,태양광,2010.4.15,없음,2020.1.20
2013.12.19,영주1호 태양광발전소,99,제주시,외도일동,태양광,2014.5.20,없음,2020.1.20
2017.8.10,영진 태양광발전소,880.38,서귀포시,강정동,태양광,2018.8.31,육상,2020.1.20
2014.11.7,영화에너지,99.2,서귀포시,표선면,태양광,2018.1.25,없음,2020.1.20
2017.9.29,영화에너지 2호,99.84,서귀포시,표선면,태양광,2018.11.29,육상,2020.1.20
2013.10.29,예빛 태양광발전소,250,서귀포시,대정읍,태양광,2014.3.27,없음,2020.1.20
2014.8.13,예스에너지,99,서귀포시,대정읍,태양광,2015.4.9,없음,2020.1.20
2017.2.9,예진태양광발전소,494.46,서귀포시,안덕면,태양광,2017.7.13,없음,2020.1.20
2019.4.8,오라 태양광발전소,88.87,제주시,오라이동,태양광,2019.8.12,육상,2020.1.20
2013.6.21,오박태양광 발전소,75.46,서귀포시,대정읍,태양광,2015.4.10,없음,2020.1.20
2006.3.3,오복산전,59.87,제주시,한경면,태양광,2006.7.11,없음,2020.1.20
2008.12.5,오복산전 2호,5.02,제주시,애월읍,태양광,2009.2.25,없음,2020.1.20
2017.5.26,올레햇빛발전소,19.72,서귀포시,서귀동,태양광,2017.9.4,육상,2020.1.20
2014.11.4,와우텍(주)와우조천1 태양광발전소,999.6,제주시,조천읍,태양광,2017.7.4,없음,2020.1.20
2014.11.4,와우텍(주)와우조천2 태양광발전소,499.8,제주시,조천읍,태양광,2017.7.4,없음,2020.1.20
2017.11.21,와이솔라1호태양광발전소,99.28,제주시,조천읍,태양광,2018.9.7,육상,2020.1.20
2017.11.21,와이솔라2호태양광발전소,99.28,제주시,조천읍,태양광,2018.9.7,육상,2020.1.20
2018.8.6,와이솔라3호태양광발전소,99.36,제주시,조천읍,태양광,2019.4.26,육상,2020.1.20
2018.8.6,와이솔라4호태양광발전소,99.36,제주시,조천읍,태양광,2019.4.26,육상,2020.1.20
2013.3.15,와이에스태양광발전소,96.6,서귀포시,표선면,태양광,2014.1.23,없음,2020.1.20
2014.11.20,와이엔 태양광발전소,98,서귀포시,성산읍,태양광,2018.12.31,없음,2020.1.20
2015.4.12,용강동마을회태양광발전소 250kw,250,제주시,용강동,태양광,2015.11.11,없음,2020.1.20
2014.12.9,용마태양광발전소,99.37,제주시,해안동,태양광,2015.11.3,없음,2020.1.20
2013.7.9,용수태양광발전소,99.84,제주시,한경면,태양광,2013.12.12,없음,2020.1.20
2014.7.10,우람2호태양광발전소,99,서귀포시,안덕면,태양광,2015.1.21,없음,2020.1.20
2014.5.15,우람태양광발전소,99,서귀포시,안덕면,태양광,2015.1.21,없음,2020.1.20
2018.6.18,우리태양광발전소,496.8,제주시,조천읍,태양광,2019.5.28,육상,2020.1.20
2018.5.31,우림 1 태양광발전소,199.92,서귀포시,서호동,태양광,2019.3.20,육상,2020.1.20
2018.2.13,우빈태양광발전소,99,제주시,애월읍,태양광,2019.2.1,육상,2020.1.20
2014.12.4,우성태양광발전소,97.5,제주시,한경면,태양광,2017.9.14,없음,2020.1.20
2018.8.1,우일솔라 태양광발전소,463.32,서귀포시,표선면,태양광,2019.3.4,육상,2020.1.20
2014.4.7,우주태양광발전소,98.28,제주시,한림읍,태양광,2014.12.16,없음,2020.1.20
2018.10.11,우진락 태양광발전소,99.75,서귀포시,대정읍,태양광,2019.8.19,육상,2020.1.20
2017.2.9,운수태양광발전소,299.15,제주시,구좌읍,태양광,2017.12.7,없음,2020.1.20
2018.7.9,웅임태양광발전소,99.53,제주시,한림읍,태양광,2019.9.23,지붕형,2020.1.20
2017.9.1,웅태양광발전소,99.28,서귀포시,표선면,태양광,2018.3.28,육상,2020.1.20
2012.11.16,원선2호태양광발전소,260,서귀포시,성산읍,태양광,2018.12.31,없음,2020.1.20
2014.6.30,원선태양광발전소,98,서귀포시,남원읍,태양광,2015.4.18,없음,2020.1.20
2019.7.9,원천 태양광발전소,99.53,제주시,애월읍,태양광,2019.12.11,육상,2020.1.20
2017.9.29,월림에너지태양광발전소,99,제주시,한림읍,태양광,2019.3.11,육상,2020.1.20
2017.8.12,월림햇빛발전소,99.2,제주시,한림읍,태양광,2018.5.10,육상,2020.1.20
2018.8.1,월산 1 태양광발전소,99.36,서귀포시,남원읍,태양광,2019.8.23,육상,2020.1.20
2012.8.17,월산정수장 태양광발전소,99.93,제주시,노형동,태양광,2013.9.3,없음,2020.1.20
2014.4.14,월정소규모풍력발전소,3000,제주시,구좌읍,풍력,2015.2.6,없음,2020.1.20
2017.4.21,위미2리제2태양광발전소,994.84,서귀포시,남원읍,태양광,2019.1.17,육상,2020.1.20
2017.1.31,위미솔라발전소,994.95,서귀포시,남원읍,태양광,2018.3.29,없음,2020.1.20
2015.1.13,위미태양광발전소,766.8,서귀포시,남원읍,태양광,2016.12.30,없음,2020.1.20
2014.4.7,위미태양광발전소,495.9,서귀포시,남원읍,태양광,2014.8.27,없음,2020.1.20
2017.10.30,유강에너지태양광발전소,997.92,제주시,한경면,태양광,2018.12.3,육상,2020.1.20
2017.10.30,유강플랜트태양광발전소,997.92,제주시,한경면,태양광,2018.12.3,육상,2020.1.20
2013.12.19,유나기업 태양광발전소,10,제주시,노형동,태양광,2014.10.30,없음,2020.1.20
2013.8.13,유림 태양광발전소,98,제주시,한림읍,태양광,2014.12.4,없음,2020.1.20
2018.9.27,유마솔라 태양광발전소,495.72,서귀포시,표선면,태양광,2019.1.9,육상,2020.1.20
2018.8.20,유민1 태양광발전소,498.42,제주시,애월읍,태양광,2019.8.9,육상,2020.1.20
2014.9.2,유성태양광발전소,99,서귀포시,표선면,태양광,2015.3.12,없음,2020.1.20
2016.11.24,유수암 태양광발전소,767.27,제주시,애월읍,태양광,2018.11.7,없음,2020.1.20
2017.4.5,유수암태양광발전소,277.44,제주시,애월읍,태양광,2018.2.3,육상,2020.1.20
2015.4.29,유준태양광발전,99,제주시,삼양일동,태양광,2015.9.18,없음,2020.1.20
2013.4.24,유진 태양광발전소,96.6,서귀포시,안덕면,태양광,2014.3.21,없음,2020.1.20
2018.4.24,유진태양광 1호,95.62,서귀포시,표선면,태양광,2019.5.21,육상,2020.1.20
2018.4.24,유진태양광 2호,197.62,서귀포시,표선면,태양광,2019.5.21,육상,2020.1.20
2017.3.21,유진태양광발전소,99.28,서귀포시,성산읍,태양광,2017.7.26,육상,2020.1.20
2013.3.15,유진태양광발전소,96.6,서귀포시,표선면,태양광,2014.1.23,없음,2020.1.20
2018.9.27,유철 발전소,199.8,제주시,조천읍,태양광,2019.7.3,육상,2020.1.20
2018.6.21,유현 태양광발전소,99.36,서귀포시,대정읍,태양광,2019.3.4,육상,2020.1.20
2017.7.11,윤서2태양광발전소,97.2,제주시,회천동,태양광,2018.3.22,육상,2020.1.20
2017.7.11,윤서3태양광발전소,97.2,제주시,회천동,태양광,2018.3.22,육상,2020.1.20
2017.7.11,윤서4태양광발전소,97.2,제주시,회천동,태양광,2018.3.22,지붕형,2020.1.20
2017.2.9,윤서태양광발전소,296.4,제주시,회천동,태양광,2017.9.6,없음,2020.1.20
2013.3.22,윤이 태양광발전소,95.4,서귀포시,남원읍,태양광,2014.12.4,없음,2020.1.20
2017.4.21,은광태양광발전소,99.28,서귀포시,대정읍,태양광,2017.9.15,육상,2020.1.20
2014.6.30,은빈냉동태양광발전소,99,서귀포시,토평동,태양광,2014.9.15,없음,2020.1.20
2013.4.29,은서태양광발전소,96.6,서귀포시,대정읍,태양광,2014.2.1,없음,2020.1.20
2018.9.27,은성2호 태양광발전소,295.65,제주시,조천읍,태양광,2019.3.28,지붕형,2020.1.20
2018.5.2,은성태양광발전소,499.8,제주시,조천읍,태양광,2018.10.10,육상,2020.1.20
2015.1.13,은영태양광발전소,499.8,서귀포시,상예동,태양광,2016.1.23,없음,2020.1.20
2015.10.20,은현태양광발전소,99.2,제주시,한림읍,태양광,2016.3.31,없음,2020.1.20
2013.6.19,은호 태양광발전소,99,제주시,조천읍,태양광,2013.9.16,없음,2020.1.20
2013.6.19,이레 태양광발전소,99,제주시,조천읍,태양광,2013.9.16,없음,2020.1.20
2014.8.13,이레태양광발전소,99,서귀포시,대정읍,태양광,2015.4.21,없음,2020.1.20
2018.6.12,이수 태양광발전소,495.22,서귀포시,호근동,태양광,2019.1.2,육상,2020.1.20
2013.8.13,이승1호 태양광발전소,98,제주시,한림읍,태양광,2014.12.4,없음,2020.1.20
2013.8.13,이승2호 태양광발전소,98,제주시,한림읍,태양광,2014.12.4,없음,2020.1.20
2013.4.1,이호동 오도마을회,16,제주시,이호이동,태양광,2013.9.9,없음,2020.1.20
2015.5.28,이호동 오도마을회3호 태양광발전소,198.4,제주시,이호이동,태양광,2016.12.16,없음,2020.1.20
2014.9.1,이호동오도마을회,30,제주시,이호이동,태양광,2014.11.18,없음,2020.1.20
2013.6.4,이호발전소,9.9,제주시,이호이동,태양광,2013.7.11,없음,2020.1.20
2013.12.13,인다 태양광발전소,99,서귀포시,대정읍,태양광,2014.9.30,없음,2020.1.20
2014.3.19,인다2호태양광발전소,99,서귀포시,대정읍,태양광,2014.9.30,없음,2020.1.20
2016.11.25,인성태양광발전소,98.8,제주시,한경면,태양광,2017.7.25,없음,2020.1.20
2014.10.2,일광태양광발전소,99,제주시,구좌읍,태양광,2015.7.1,없음,2020.1.20
2018.7.9,일등태양광발전소,98.8,제주시,한경면,태양광,2019.4.16,육상,2020.1.20
2013.12.31,일맥태양광발전소,64.9,서귀포시,대정읍,태양광,2014.6.6,없음,2020.1.20
2018.4.24,일신1호태양광발전소,99.28,제주시,한림읍,태양광,2018.12.20,육상,2020.1.20
2017.12.27,일유 태양광발전소,496.4,서귀포시,표선면,태양광,2019.2.12,육상,2020.1.20
2018.10.16,임광에너지,295.65,제주시,한림읍,태양광,2019.6.21,육상,2020.1.20
2014.11.12,임금에너지,99,서귀포시,대정읍,태양광,2015.7.2,없음,2020.1.20
2013.5.27,임마누엘 태양광발전소,95.4,서귀포시,남원읍,태양광,2014.12.15,없음,2020.1.20
2014.4.4,자농태양광발전소,60,서귀포시,동홍동,태양광,2014.8.1,없음,2020.1.20
2017.1.4,자연애1호태양발전소,98.8,제주시,한림읍,태양광,2017.9.14,없음,2020.1.20
2017.1.4,자연애2호태양광발전소,98.8,제주시,한림읍,태양광,2017.9.14,없음,2020.1.20
2015.11.11,자운당태양광발전소,44,제주시,애월읍,태양광,2016.2.28,없음,2020.1.20
2017.9.29,재원태양광발전소,99.96,제주시,애월읍,태양광,2018.3.22,육상,2020.1.20
2014.10.13,정민태양광발전소,99,서귀포시,성산읍,태양광,2015.5.28,없음,2020.1.20
2018.5.16,정선1호태양광발전소,99.06,제주시,한경면,태양광,2019.12.1,육상,2020.1.20
2017.7.11,정성태양광발전소,99,제주시,한경면,태양광,2019.4.12,육상,2020.1.20
2017.10.20,정성태양광발전소2호,900.72,서귀포시,남원읍,태양광,2019.3.18,육상,2020.1.20
2009.9.14,정에너지 태양광발전소,30,제주시,애월읍,태양광,2010.1.15,없음,2020.1.20
2018.8.16,정우 태양광발전소,299.7,서귀포시,대정읍,태양광,2019.8.12,육상,2020.1.20
2013.8.13,정윤에너지,98,제주시,한림읍,태양광,2014.12.4,없음,2020.1.20
2017.2.9,정율1호태양광발전소,304.2,서귀포시,성산읍,태양광,2018.4.5,없음,2020.1.20
2018.9.20,정은 태양광발전소,998.64,제주시,한경면,태양광,2019.9.10,육상,2020.1.20
2018.11.23,정진2호햇빛발전소,298.08,서귀포시,대정읍,태양광,2019.6.23,육상,2020.1.20
2017.4.20,정진햇빛발전주식회사,494.6,제주시,봉개동,태양광,2018.1.25,육상,2020.1.20
2018.7.25,정포 1호 태양광발전소,99.06,서귀포시,대정읍,태양광,2019.5.28,육상,2020.1.20
2018.7.25,정포 2호 태양광발전소,99.06,서귀포시,대정읍,태양광,2019.5.28,육상,2020.1.20
2013.5.27,정한태양광발전소,95.4,서귀포시,남원읍,태양광,2014.12.15,없음,2020.1.20
2013.8.13,정현 태양광발전소,98,제주시,한림읍,태양광,2014.12.4,없음,2020.1.20
2018.2.9,제건1호태양광발전소,360,제주시,조천읍,태양광,2018.11.26,육상,2020.1.20
2013.9.12,제라1호 태양광발전소,99.16,제주시,회천동,태양광,2019.12.1,없음,2020.1.20
2019.2.25,제라3호 태양광발전소,99.06,제주시,회천동,태양광,2019.12.1,육상,2020.1.20
2013.6.14,제우태양광발전(주),599.04,제주시,한림읍,태양광,2014.3.10,없음,2020.1.20
2018.12.11,제이씨지솔라2호 태양광발전소,414.4,제주시,한림읍,태양광,2019.6.4,육상,2020.1.20
2013.3.20,제이에스태양광발전소,32.2,서귀포시,남원읍,태양광,2014.3.21,없음,2020.1.20
2018.11.16,제이에스태양광발전소,496.86,서귀포시,표선면,태양광,2019.3.25,육상,2020.1.20
2013.10.2,제이에이치 태양광발전소,98,제주시,한림읍,태양광,2014.5.9,없음,2020.1.20
2014.9.25,제이엠태양광발전소,98,제주시,한경면,태양광,2015.9.17,없음,2020.1.20
2013.10.2,제이와이 태양광발전소,98,제주시,한림읍,태양광,2014.5.9,없음,2020.1.20
2017.5.26,제이제이태양광발전소,200,제주시,한림읍,태양광,2018.4.20,육상,2020.1.20
2013.4.29,제이태양광발전소,96.6,서귀포시,대정읍,태양광,2016.12.8,없음,2020.1.20
2017.9.30,제주감귤 27호 태양광발전소,231,서귀포시,안덕면,태양광,2018.11.7,육상,2020.1.20
2017.5.8,제주감귤 64호 태양광발전소,350,서귀포시,성산읍,태양광,2019.4.17,육상,2020.1.20
2017.9.30,제주감귤 90호 태양광발전소,994,서귀포시,남원읍,태양광,2019.4.17,육상,2020.1.20
2017.9.30,제주감귤118호 태양광발전소,714,제주시,조천읍,태양광,2019.11.11,지붕형,2020.1.20
2017.9.30,제주감귤133호 태양광발전소,476,제주시,삼양일동,태양광,2019.4.17,지붕형,2020.1.20
2018.3.26,제주감귤136호 태양광발전소,417.48,서귀포시,강정동,태양광,2019.4.22,육상,2020.1.20
2017.9.30,제주감귤137호 태양광발전소,714,제주시,조천읍,태양광,2019.4.17,육상,2020.1.20
2017.5.8,제주감귤13호태양광발전소,154,서귀포시,토평동,태양광,2018.11.7,육상,2020.1.20
2017.9.30,제주감귤152호 태양광발전소,651,서귀포시,안덕면,태양광,2019.4.15,육상,2020.1.20
2018.4.17,제주감귤155호 태양광발전소,167.44,제주시,회천동,태양광,2019.10.8,육상,2020.1.20
2018.3.26,제주감귤158호 태양광발전소,252,서귀포시,표선면,태양광,2019.7.7,육상,2020.1.20
2017.9.30,제주감귤159호 태양광발전소,651,서귀포시,성산읍,태양광,2018.11.7,육상,2020.1.20
2018.5.16,제주감귤160호 태양광발전소,266,제주시,용강동,태양광,2019.6.21,육상,2020.1.20
2017.9.30,제주감귤163호 태양광발전소,651,제주시,조천읍,태양광,2019.4.17,육상,2020.1.20
2017.9.30,제주감귤164호 태양광발전소,749,제주시,조천읍,태양광,2019.4.17,육상,2020.1.20
2017.9.30,제주감귤166호 태양광발전소,490,제주시,한경면,태양광,2019.4.17,육상,2020.1.20
2017.9.30,제주감귤167호 태양광발전소,633.36,제주시,조천읍,태양광,2019.7.17,육상,2020.1.20
2017.9.30,제주감귤18호 태양광발전소,698.88,제주시,한림읍,태양광,2019.6.13,육상,2020.1.20
2017.5.8,제주감귤22호 태양광발전소,633.36,서귀포시,대정읍,태양광,2018.11.7,육상,2020.1.20
2017.9.30,제주감귤24호 태양광발전소,497,제주시,애월읍,태양광,2019.5.3,육상,2020.1.20
2017.9.30,제주감귤25호 태양광발전소,728,서귀포시,서홍동,태양광,2019.4.17,육상,2020.1.20
2017.9.30,제주감귤29호 태양광발전소,280,서귀포시,성산읍,태양광,2018.11.7,지붕형,2020.1.20
2017.5.8,제주감귤34호 태양광발전소,235.52,제주시,구좌읍,태양광,2018.11.7,육상,2020.1.20
2017.5.8,제주감귤44호 태양광발전소,780.85,서귀포시,대정읍,태양광,2018.11.7,육상,2020.1.20
2017.9.30,제주감귤46-1호 태양광발전소,266,서귀포시,성산읍,태양광,2019.4.17,육상,2020.1.20
2017.9.30,제주감귤46호 태양광발전소,1288,서귀포시,성산읍,태양광,2019.4.17,육상,2020.1.20
2017.5.8,제주감귤53호 태양광발전소,441,제주시,구좌읍,태양광,2018.11.7,육상,2020.1.20
2017.9.30,제주감귤57호 태양광발전소,553,제주시,애월읍,태양광,2019.4.17,육상,2020.1.20
2017.5.8,제주감귤58호태양광발전소,496.64,서귀포시,대정읍,태양광,2018.11.26,육상,2020.1.20
2017.5.8,제주감귤5호 태양광발전소,441.35,제주시,조천읍,태양광,2018.11.7,육상,2020.1.20
2017.5.8,제주감귤60호태양광발전소,203.7,제주시,도련이동,태양광,2018.11.7,육상,2020.1.20
2017.5.8,제주감귤71호 태양광발전소,250.88,제주시,한림읍,태양광,2018.11.7,육상,2020.1.20
2017.5.8,제주감귤72호 태양광발전소,637,서귀포시,남원읍,태양광,2018.11.7,육상,2020.1.20
2017.9.30,제주감귤76호 태양광발전소,266,제주시,회천동,태양광,2019.8.22,육상,2020.1.20
2018.3.26,제주감귤80호 태양광발전소,451.36,서귀포시,하원동,태양광,2019.7.15,지붕형,2020.1.20
2017.9.30,제주감귤81호 태양광발전소,2996,서귀포시,안덕면,태양광,2019.4.17,육상,2020.1.20
2017.5.8,제주감귤83호 태양광발전소,224,제주시,한림읍,태양광,2018.11.7,육상,2020.1.20
2017.9.30,제주감귤87호 태양광발전소,400.4,제주시,조천읍,태양광,2019.7.17,육상,2020.1.20
2018.3.26,제주감귤89호 태양광발전소,924.56,서귀포시,남원읍,태양광,2019.7.17,육상,2020.1.20
2017.9.30,제주감귤8호 태양광발전소,496.64,제주시,아라이동,태양광,2019.4.17,육상,2020.1.20
2017.5.8,제주감귤95호 태양광발전소,161,서귀포시,남원읍,태양광,2018.11.7,육상,2020.1.20
2017.9.30,제주감귤96-1호 태양광발전소,245,서귀포시,남원읍,태양광,2018.11.7,육상,2020.1.20
2017.9.30,제주감귤96호 태양광발전소,308,서귀포시,남원읍,태양광,2018.11.7,육상,2020.1.20
2017.5.8,제주감귤97호 태양광발전소,252,서귀포시,남원읍,태양광,2018.11.7,육상,2020.1.20
2017.9.30,제주감귤98호 태양광발전소,609,서귀포시,남원읍,태양광,2019.4.17,육상,2020.1.20
2013.11.29,제주김녕풍력발전소,30000,제주시,구좌읍,풍력,2015.6.1,없음,2020.1.20
2017.11.21,제주농산(주)발전소,88.32,서귀포시,성산읍,태양광,2018.4.11,육상,2020.1.20
2011.11.3,제주대학교 태양광 발전소,1040,제주시,아라일동,태양광,2012.5.9,없음,2020.1.20
2016.7.26,제주마을태양광발전소,78.38,서귀포시,토평동,태양광,2017.2.7,없음,2020.1.20
2017.10.30,제주명진태양광발전소,90,서귀포시,대정읍,태양광,2019.5.21,육상,2020.1.20
2013.4.11,제주무릉 태양광발전소,900,서귀포시,대정읍,태양광,2013.7.18,없음,2020.1.20
2013.8.16,제주무릉 태양광발전소 1호,97.76,서귀포시,대정읍,태양광,2014.12.12,없음,2020.1.20
2013.8.16,제주무릉 태양광발전소 2호,97.76,서귀포시,대정읍,태양광,2014.12.12,없음,2020.1.20
2013.10.8,제주솔라팜,400,서귀포시,표선면,태양광,2014.7.18,없음,2020.1.20
2007.2.21,제주에너지 주식회사,200,서귀포시,성산읍,태양광,2008.9.29,없음,2020.1.20
2007.2.21,제주에너지 주식회사,200,제주시,애월읍,태양광,2008.4.18,없음,2020.1.20
2011.12.26,제주에너지공사,415.2,제주시,구좌읍,태양광,2013.12.13,없음,2020.1.20
2017.12.27,제주에너지공사 교래태양광발전소,491.4,제주시,조천읍,태양광,2018.11.7,육상,2020.1.20
2008.4.18,제주에너지주식회사,300,제주시,애월읍,태양광,2008.9.29,없음,2020.1.20
2017.7.27,제주용강1호태양광발전소,427.68,제주시,용강동,태양광,2019.6.12,지붕형,2020.1.20
2007.5.28,제주월령풍력발전소,2000,제주시,한림읍,풍력,2010.5.31,없음,2020.1.20
2005.8.30,제주월정풍력발전소,1500,제주시,구좌읍,풍력,2006.7.20,없음,2020.1.20
2018.5.8,제주자연 태양광발전소,974.2,서귀포시,표선면,태양광,2019.10.18,육상,2020.1.20
2016.7.26,제주종합경기장태양광발전소,484.47,제주시,오라일동,태양광,2016.11.26,없음,2020.1.20
2017.4.21,제주축산바이오가스발전소 2호,190,제주시,한림읍,바이오가스,2017.11.3,육상,2020.1.20
2007.12.26,제주태양에너지발전주식회사,1000,서귀포시,성산읍,태양광,2009.2.26,없음,2020.1.20
2014.4.7,제주하예1호태양광발전소,495,서귀포시,하예동,태양광,2014.9.2,없음,2020.1.20
2014.3.10,제주해맑음 태양광발전소,997.92,제주시,한림읍,태양광,2017.9.8,없음,2020.1.20
2014.10.27,제주해오름태양광발전소,997.92,제주시,구좌읍,태양광,2016.12.3,없음,2020.1.20
2017.9.19,조운1호태양광발전소,99.28,제주시,구좌읍,태양광,2018.4.13,육상,2020.1.20
2017.9.19,조운2호태양광발전소,99.36,제주시,구좌읍,태양광,2019.4.26,지붕형,2020.1.20
2017.7.11,조은태양광발전소,99,제주시,한경면,태양광,2019.4.9,육상,2020.1.20
2013.10.8,종현 태양광발전소,98,제주시,한림읍,태양광,2017.1.25,없음,2020.1.20
2018.4.24,주식회사 나목도태양광,457.38,서귀포시,표선면,태양광,2019.1.18,육상,2020.1.20
2009.4.1,주식회사 남경제주에너지,198,서귀포시,표선면,태양광,2009.10.13,없음,2020.1.20
2009.4.1,주식회사 남제주솔라,198,서귀포시,표선면,태양광,2009.10.13,없음,2020.1.20
2009.4.1,주식회사 남제주태양광,198,서귀포시,표선면,태양광,2009.10.13,없음,2020.1.20
2009.4.1,주식회사 서귀포솔라,198,서귀포시,표선면,태양광,2009.10.13,없음,2020.1.20
2010.4.30,주식회사 세왕,987.84,서귀포시,성산읍,태양광,2012.8.1,없음,2020.1.20
2014.12.9,주식회사 소리솔라,1200,제주시,한림읍,태양광,2016.1.30,없음,2020.1.20
2014.12.9,주식회사 소리솔라2호,300,제주시,한림읍,태양광,2016.1.30,없음,2020.1.20
2009.4.1,주식회사 솔라,198,서귀포시,표선면,태양광,2009.11.17,없음,2020.1.20
2015.4.12,주식회사 어음태양광발전소,417.96,제주시,애월읍,태양광,2017.1.26,없음,2020.1.20
2018.8.16,주식회사 원더풀 태양광발전소 가시리 1호,921.3,서귀포시,표선면,태양광,2019.7.11,육상,2020.1.20
2013.3.12,주식회사 이웰,2950,서귀포시,토평동,바이오가스,2015.7.21,없음,2020.1.20
2009.2.5,주식회사 창도산업,194.4,서귀포시,성산읍,태양광,2009.8.28,없음,2020.1.20
2014.6.3,주식회사 탑인프라보현,815.36,서귀포시,안덕면,태양광,2015.7.2,없음,2020.1.20
2009.4.1,주식회사 태광솔라,198,서귀포시,표선면,태양광,2009.10.15,없음,2020.1.20
2009.4.1,주식회사 파워플랜,198,서귀포시,표선면,태양광,2010.3.25,없음,2020.1.20
2017.11.21,주식회사 해오름에너지,1724,서귀포시,표선면,태양광,2019.5.13,육상,2020.1.20
2016.1.25,주식회사용권태양광발전소,2900,제주시,애월읍,태양광,2019.4.10,없음,2020.1.20
2016.1.25,주식회사은영태양광발전소,496.62,서귀포시,안덕면,태양광,2016.8.29,없음,2020.1.20
2016.1.25,주식회사크레티오 태양광발전소,2036.8,제주시,구좌읍,태양광,2019.5.29,없음,2020.1.20
2015.4.12,주식회사해찬태양광발전소,1700,서귀포시,도순동,태양광,2015.12.16,없음,2020.1.20
2013.8.13,주영에너지,98,제주시,한림읍,태양광,2014.12.4,없음,2020.1.20
2018.9.27,주원 태양광발전소,89.76,제주시,애월읍,태양광,2019.8.6,육상,2020.1.20
2018.7.6,주현 1호 태양광발전소,99.36,서귀포시,대정읍,태양광,2019.3.4,육상,2020.1.20
2018.7.6,주현 2호 태양광발전소,99.36,서귀포시,대정읍,태양광,2019.12.1,지붕형,2020.1.20
2018.8.8,주현 3호 태양광발전소,299.7,서귀포시,대정읍,태양광,2019.8.12,육상,2020.1.20
2014.12.9,준 태양광발전소,98,제주시,한림읍,태양광,2015.8.7,없음,2020.1.20
2014.10.14,준영 태양광발전소,499.2,제주시,구좌읍,태양광,2018.10.10,없음,2020.1.20
2014.4.4,준태양광발전소,99.37,제주시,조천읍,태양광,2014.9.2,없음,2020.1.20
2015.1.13,지상상예태양광발전소,499.8,서귀포시,상예동,태양광,2016.10.14,없음,2020.1.20
2013.10.8,지상탐라 태양광발전소,999.96,제주시,한림읍,태양광,2014.3.20,없음,2020.1.20
2018.5.11,지성 태양광발전소,259.2,서귀포시,안덕면,태양광,2019.4.9,육상,2020.1.20
2019.1.21,지아 태양광발전소,99.16,제주시,회천동,태양광,2019.8.20,육상,2020.1.20
2017.7.11,지앤비1호태양광발전소,246.96,제주시,조천읍,태양광,2018.5.25,육상,2020.1.20
2014.3.10,지영 태양광발전소,500.02,서귀포시,대정읍,태양광,2014.9.3,없음,2020.1.20
2017.2.9,지용태양광발전소,178.56,제주시,애월읍,태양광,2018.9.4,없음,2020.1.20
2010.7.2,지유태양광 발전소,90,서귀포시,성산읍,태양광,2012.7.2,없음,2020.1.20
2018.10.20,지혜 태양광발전소,99.36,제주시,회천동,태양광,2019.4.8,육상,2020.1.20
2017.12.4,지희태양광발전소,99.36,제주시,한경면,태양광,2019.4.26,육상,2020.1.20
2014.12.4,진모태양광발전소,97.5,제주시,한경면,태양광,2016.9.28,없음,2020.1.20
2017.10.20,진성에너지개발무릉리태양광발전소,410.04,서귀포시,대정읍,태양광,2019.4.23,육상,2020.1.20
2017.10.30,진성에너지개발청수리태양광발전소,765.81,제주시,한경면,태양광,2019.4.2,육상,2020.1.20
2014.5.15,진송태양광발전소,350,서귀포시,대정읍,태양광,2015.2.4,없음,2020.1.20
2017.8.10,진숙태양광발전소,200,제주시,한림읍,태양광,2019.1.23,육상,2020.1.20
2014.12.14,진환태양광발전소,99,제주시,한경면,태양광,2016.12.30,없음,2020.1.20
2014.12.4,진희1호태양광발전소,74.99,제주시,한경면,태양광,2015.4.10,없음,2020.1.20
2014.5.15,진희태양광발전소,99.45,제주시,한경면,태양광,2014.9.17,없음,2020.1.20
2014.12.14,참나제주 태양광발전소,98,서귀포시,성산읍,태양광,2018.12.31,없음,2020.1.20
2017.8.10,창금1호태양광발전소,99.16,제주시,조천읍,태양광,2019.12.1,육상,2020.1.20
2017.8.10,창금2호태양광발전소,99.16,제주시,조천읍,태양광,2019.8.20,육상,2020.1.20
2017.8.10,창금3호태양광발전소,99.28,제주시,조천읍,태양광,2018.3.14,육상,2020.1.20
2014.11.7,창하태양광발전소,97.5,서귀포시,안덕면,태양광,2015.5.31,없음,2020.1.20
2018.5.11,창해태양광발전소,827.82,제주시,봉개동,태양광,2019.3.8,육상,2020.1.20
2017.11.21,창희1호 태양광발전소,99.28,제주시,한경면,태양광,2018.3.29,육상,2020.1.20
2017.11.21,창희2호태양광발전소,99.28,제주시,한경면,태양광,2018.3.29,육상,2020.1.20
2014.5.26,천부태양광발전소,99,서귀포시,표선면,태양광,2014.11.17,없음,2020.1.20
2014.12.9,천혜태양광발전소,99,제주시,한경면,태양광,2017.7.28,없음,2020.1.20
2014.11.30,청록담1호 태양광발전소,98.5,제주시,한림읍,태양광,2017.5.18,없음,2020.1.20
2014.7.28,청마10호태양광발전소,99.3,제주시,해안동,태양광,2017.9.14,없음,2020.1.20
2014.7.28,청마11호태양광발전소,99.3,제주시,해안동,태양광,2017.9.14,없음,2020.1.20
2014.10.14,청마8호 태양광발전소,998.4,제주시,구좌읍,태양광,2018.9.28,없음,2020.1.20
2014.11.4,청명태양광발전소,99,서귀포시,대정읍,태양광,2015.4.21,없음,2020.1.20
2018.8.20,청수반딧불이1호발전소,40.32,제주시,한경면,태양광,2019.1.22,육상,2020.1.20
2018.8.20,청수반딧불이2호발전소,30.24,제주시,한경면,태양광,2019.1.22,육상,2020.1.20
2018.5.21,청풍태양광발전소,197.02,제주시,구좌읍,태양광,2018.12.28,육상,2020.1.20
2014.11.30,춘규태양광발전소,97.5,제주시,한림읍,태양광,2015.7.21,없음,2020.1.20
2014.10.7,케이그린에너지2호,495.55,서귀포시,성산읍,태양광,2016.11.24,없음,2020.1.20
2014.10.7,케이그린에너지주식회사(1호),495.55,서귀포시,성산읍,태양광,2017.2.3,없음,2020.1.20
2014.10.7,케이그린에너지주식회사(3호),495.55,서귀포시,성산읍,태양광,2017.1.26,없음,2020.1.20
2013.12.12,케이디이 태양광발전소,24,서귀포시,호근동,태양광,2014.9.3,없음,2020.1.20
2018.9.13,케이앤더블유에너지,696.42,서귀포시,안덕면,태양광,2019.8.22,육상,2020.1.20
2014.11.20,케이엠 태양광발전소,98,서귀포시,성산읍,태양광,2018.12.31,없음,2020.1.20
2018.4.3,케이원에너지 1호 태양광발전소,99,서귀포시,성산읍,태양광,2019.4.9,육상,2020.1.20
2018.4.3,케이원에너지 2호 태양광발전소,99,서귀포시,성산읍,태양광,2019.4.9,육상,2020.1.20
2019.2.25,케이원에너지3호 태양광발전소,219.6,서귀포시,성산읍,태양광,2019.9.18,지붕형,2020.1.20
2018.5.18,코지 태양광발전소,346.13,서귀포시,성산읍,태양광,2018.11.8,육상,2020.1.20
2018.1.8,클라우드앤1호태양광발전소,91.8,서귀포시,성산읍,태양광,2019.1.31,육상,2020.1.20
2018.1.8,클라우드앤2호태양광발전소,91.8,서귀포시,성산읍,태양광,2019.1.31,육상,2020.1.20
2013.1.25,킨 태양광발전소,96.6,서귀포시,대정읍,태양광,2013.12.23,없음,2020.1.20
2015.1.13,타이멕태양광발전소,2100,제주시,구좌읍,태양광,2016.9.22,없음,2020.1.20
2006.8.11,탐라해상풍력발전소,30000,제주시,한경면,풍력,2017.9.16,없음,2020.1.20
2018.8.8,태공 1호 태양광발전소,99.36,서귀포시,남원읍,태양광,2019.6.18,육상,2020.1.20
2013.8.13,태광 태양광발전소,98,제주시,한림읍,태양광,2014.12.4,없음,2020.1.20
2017.5.19,태성1호태양광발전소,99.28,제주시,한림읍,태양광,2018.3.14,육상,2020.1.20
2017.6.21,태성2호태양광발전소,250.92,제주시,한림읍,태양광,2018.3.14,육상,2020.1.20
2018.1.22,태성태양광발전소,433.62,제주시,구좌읍,태양광,2019.6.1,육상,2020.1.20
2018.12.10,태영 태양광발전소,19.89,서귀포시,강정동,태양광,2019.7.26,육상,2020.1.20
2017.12.15,태일태양광발전소,300.16,서귀포시,대정읍,태양광,2018.7.16,육상,2020.1.20
2017.1.31,터와울태양광발전소,99.16,서귀포시,표선면,태양광,2017.10.25,없음,2020.1.20
2017.4.12,통일태양광발전소,99,제주시,한림읍,태양광,2018.3.22,육상,2020.1.20
2002.12.9,파낙스에너지(주),1000,제주시,회천동,바이오가스,2002.12.18,없음,2020.1.20
2014.6.25,파워택태양광발전소,99,서귀포시,표선면,태양광,2014.11.17,없음,2020.1.20
2016.11.25,팡돌태양광발전소,297.6,제주시,해안동,태양광,2017.7.13,없음,2020.1.20
2018.4.2,패밀리 2 태양광발전소,199.92,서귀포시,표선면,태양광,2018.10.30,육상,2020.1.20
2013.10.29,푸른 태양광발전소,350,서귀포시,대정읍,태양광,2014.4.23,없음,2020.1.20
2019.4.17,푸른농장2호 태양광발전소,51.24,제주시,한림읍,태양광,2019.8.15,지붕형,2020.1.20
2013.12.19,피엠제이태양광발전소,300,서귀포시,대정읍,태양광,2014.5.29,없음,2020.1.20
2013.8.13,하나1호 태양광발전소,98,제주시,한림읍,태양광,2014.12.4,없음,2020.1.20
2013.8.13,하나2호 태양광발전소,98,제주시,한림읍,태양광,2014.12.4,없음,2020.1.20
2013.8.13,하나3호 태양광발전소,98,제주시,한림읍,태양광,2014.12.4,없음,2020.1.20
2018.2.28,하늘소태양광발전소,99.36,제주시,영평동,태양광,2019.4.26,육상,2020.1.20
2014.12.4,하산태양광발전소,99,서귀포시,대정읍,태양광,2015.9.2,없음,2020.1.20
2013.5.16,하영 태양광발전소,59.8,서귀포시,남원읍,태양광,2014.6.25,없음,2020.1.20
2018.4.10,하윤 태양광발전소,244.8,서귀포시,대정읍,태양광,2018.12.19,육상,2020.1.20
2013.5.16,하은솔라 태양광발전소,96.6,서귀포시,남원읍,태양광,2014.6.25,없음,2020.1.20
2018.11.29,하천리 태양광발전소,99.54,서귀포시,표선면,태양광,2019.8.5,육상,2020.1.20
2018.6.28,하천리상동1호 태양광발전소,297.84,서귀포시,표선면,태양광,2019.4.26,육상,2020.1.20
2018.6.28,하천리상동2호 태양광발전소,248.2,서귀포시,표선면,태양광,2019.4.26,육상,2020.1.20
2003.4.14,한경풍력 1단계,6000,제주시,한경면,풍력,2004.2.28,없음,2020.1.20
2007.3.7,한경풍력 2단계,15000,제주시,한경면,풍력,2007.12.18,없음,2020.1.20
2010.11.1,한국남부발전(주),5.59,제주시,구좌읍,태양광,2010.12.21,없음,2020.1.20
2010.8.2,한국남부발전(주),60,제주시,구좌읍,수력,2010.12.21,없음,2020.1.20
2007.12.31,한국중부발전(주),50,제주시,삼양일동,태양광,2008.2.13,없음,2020.1.20
2013.12.4,한국중부발전(주)(제주화력태양광발전소),1206.4,제주시,삼양일동,태양광,2014.1.2,없음,2020.1.20
2014.9.19,한국탄소배출권 거래소(주),2988,서귀포시,표선면,태양광,2017.3.10,없음,2020.1.20
2016.12.8,한동1호태양광발전소,98.8,제주시,구좌읍,태양광,2017.12.29,없음,2020.1.20
2016.12.8,한동2호태양광발전소,98.8,제주시,구좌읍,태양광,2017.9.16,없음,2020.1.20
2014.10.7,한동햇빛3호태양광발전소,99,제주시,구좌읍,태양광,2017.12.29,없음,2020.1.20
2014.10.7,한라1호태양광발전소,99,제주시,구좌읍,태양광,2015.7.16,없음,2020.1.20
2014.10.2,한라2호태양광발전소,99,제주시,구좌읍,태양광,2015.7.1,없음,2020.1.20
2017.8.12,한라태양광발전소,399.84,제주시,한경면,태양광,2018.2.27,육상,2020.1.20
2017.11.6,한림태양광발전소,27,제주시,한림읍,태양광,2018.3.2,육상,2020.1.20
2018.5.8,한빛9태양광발전소,117.15,제주시,회천동,태양광,2018.12.11,육상,2020.1.20
2013.6.17,한사랑 태양광발전소,99,제주시,외도일동,태양광,2014.2.5,없음,2020.1.20
2013.5.29,한사랑2호 태양광발전소,99,제주시,외도일동,태양광,2014.5.20,없음,2020.1.20
2018.6.21,한성태양광발전소,19.88,제주시,이도일동,태양광,2018.11.5,육상,2020.1.20
2013.9.6,한솔1호 태양광발전소,99,제주시,한경면,태양광,2014.8.21,없음,2020.1.20
2018.1.22,한원태양광,701.73,제주시,한경면,태양광,2019.7.22,육상,2020.1.20
2017.1.3,한일 태양광발전소,250.11,서귀포시,성산읍,태양광,2017.11.24,없음,2020.1.20
2017.4.21,함케1태양광발전소,98.75,제주시,한림읍,태양광,2017.11.25,육상,2020.1.20
2017.4.21,함케2태양광발전소,98.75,제주시,한림읍,태양광,2017.11.25,육상,2020.1.20
2014.10.2,해광2호태양광발전소,99,제주시,구좌읍,태양광,2015.7.1,없음,2020.1.20
2014.1.22,해광태양광발전소,99,제주시,애월읍,태양광,2015.5.16,없음,2020.1.20
2018.7.9,해나라태양광발전소,98.8,제주시,한경면,태양광,2019.3.7,육상,2020.1.20
2018.8.24,해나태양광발전소,259.74,제주시,한경면,태양광,2019.7.25,육상,2020.1.20
2017.11.22,해든에너지1,498.42,제주시,한경면,태양광,2018.5.17,육상,2020.1.20
2018.1.30,해든에너지3,99.4,제주시,한경면,태양광,2018.9.3,육상,2020.1.20
2018.1.30,해든에너지4,99.4,제주시,한경면,태양광,2018.9.3,육상,2020.1.20
2018.1.30,해든에너지5,99.4,제주시,한경면,태양광,2018.9.3,육상,2020.1.20
2018.7.25,해든햇빛 태양광발전소,199.8,서귀포시,대정읍,태양광,2019.8.12,육상,2020.1.20
2013.3.7,해마루1호태양광발전소,96.8,제주시,한림읍,태양광,2014.5.9,없음,2020.1.20
2018.5.31,해맑은태양광발전소,97.2,제주시,애월읍,태양광,2018.12.6,육상,2020.1.20
2014.12.9,해미드미태양광발전소,98,제주시,해안동,태양광,2015.6.30,없음,2020.1.20
2017.12.4,해비치3호태양광발전소,99.28,제주시,한경면,태양광,2019.4.26,육상,2020.1.20
2016.11.25,해빛태양광발전소,294.8,제주시,애월읍,태양광,2017.6.28,없음,2020.1.20
2018.12.10,해사랑 태양광발전소,99.06,제주시,한경면,태양광,2019.12.25,육상,2020.1.20
2010.4.20,해솔에너지,199.64,서귀포시,성산읍,태양광,2010.12.3,없음,2020.1.20
2015.1.13,해오름태양광발전소,499.8,서귀포시,상예동,태양광,2016.3.23,없음,2020.1.20
2017.4.12,해온태양광발전소,356.4,서귀포시,토평동,태양광,2018.1.3,육상,2020.1.20
2017.2.9,해찬1호태양광발전소,98.8,서귀포시,표선면,태양광,2017.7.26,없음,2020.1.20
2017.6.21,해찬태양광발전소,150,제주시,구좌읍,태양광,2017.10.20,지붕형,2020.1.20
2014.10.28,해피에너지,40,제주시,한경면,태양광,2015.9.17,없음,2020.1.20
2016.12.8,햇볕1호태양광발전소,98.8,제주시,한경면,태양광,2018.4.24,없음,2020.1.20
2014.12.14,햇빛누리 태양광발전소,98,서귀포시,성산읍,태양광,2018.12.31,없음,2020.1.20
2018.9.27,행복 태양광발전소,142.2,서귀포시,대정읍,태양광,2019.11.7,육상,2020.1.20
2014.11.4,행복태양광발전소,99,서귀포시,대정읍,태양광,2015.5.20,없음,2020.1.20
2018.5.11,행원2018 1호태양광발전소,499.5,제주시,구좌읍,태양광,2019.8.20,육상,2020.1.20
2012.10.10,행원리마을풍력발전소,2000,제주시,구좌읍,풍력,2013.3.28,없음,2020.1.20
2018.9.27,행원에너지 태양광발전소,442,제주시,구좌읍,태양광,2019.11.18,육상,2020.1.20
2011.8.2,행원연안국산화풍력발전소,3000,제주시,구좌읍,풍력,2014.2.26,없음,2020.1.20
2013.6.24,행원풍력 3호기,660,제주시,구좌읍,풍력,2013.6.24,없음,2020.1.20
1998.6.10,행원풍력발전단지(1차),5640,제주시,구좌읍,풍력,2000.4.5,없음,2020.1.20
2011.7.11,행원풍력발전단지(2차),5150,제주시,구좌읍,풍력,2013.11.29,없음,2020.1.20
2014.6.30,행원햇빛2호태양광발전소,40,제주시,구좌읍,태양광,2015.1.9,없음,2020.1.20
2018.6.21,혁정 1호 태양광발전소,497,서귀포시,남원읍,태양광,2019.3.30,육상,2020.1.20
2018.6.21,혁정 2호 태양광발전소,498,서귀포시,남원읍,태양광,2019.3.30,육상,2020.1.20
2017.11.6,현경태양광발전소,99.72,제주시,오라이동,태양광,2018.1.31,육상,2020.1.20
2019.1.21,현광1호 태양광발전소,99.06,서귀포시,대정읍,태양광,2019.12.25,육상,2020.1.20
2014.11.7,현석태양광발전소,90,서귀포시,안덕면,태양광,2015.5.31,없음,2020.1.20
2013.10.2,현승태양광발전소,98,제주시,한림읍,태양광,2014.12.31,없음,2020.1.20
2018.7.9,현아태양광발전소,99.16,제주시,한경면,태양광,2019.12.25,육상,2020.1.20
2018.8.16,현원1호 태양광발전소,299.7,서귀포시,대정읍,태양광,2019.12.12,육상,2020.1.20
2018.8.20,현원2호태양광발전소,99.36,제주시,한경면,태양광,2019.8.9,육상,2020.1.20
2014.11.20,현일태양광발전소,98,서귀포시,성산읍,태양광,2018.12.31,없음,2020.1.20
2013.10.2,현준 태양광발전소,98,제주시,한림읍,태양광,2014.5.9,없음,2020.1.20
2017.1.4,현준태양광발전소,99.2,제주시,한경면,태양광,2017.6.2,없음,2020.1.20
2013.8.13,현진 태양광발전소,98,제주시,한림읍,태양광,2014.12.4,없음,2020.1.20
2013.12.31,협신개발(주)(협신무릉 태양광발전소),555.91,서귀포시,대정읍,태양광,2014.5.29,없음,2020.1.20
2014.10.2,형보태양광발전소,99,제주시,구좌읍,태양광,2015.7.1,없음,2020.1.20
2006.8.24,혜경태양광발전소,29.52,제주시,한경면,태양광,2006.9.25,없음,2020.1.20
2014.6.30,혜성태양광발전소,96.39,제주시,한림읍,태양광,2017.7.4,없음,2020.1.20
2017.9.19,혜진1호태양광발전소,99.96,서귀포시,색달동,태양광,2018.4.5,육상,2020.1.20
2017.9.19,혜진2호태양광발전소,99.96,서귀포시,색달동,태양광,2018.4.5,육상,2020.1.20
2007.6.25,화경,45.36,제주시,조천읍,태양광,2007.9.5,없음,2020.1.20
2014.9.25,화선태양광발전소,99,제주시,도평동,태양광,2015.8.27,없음,2020.1.20
2014.11.12,황금에너지,99,서귀포시,대정읍,태양광,2015.7.2,없음,2020.1.20
2014.12.4,회광태양광발전소,99,서귀포시,대정읍,태양광,2015.7.30,없음,2020.1.20
2017.12.5,효일1호태양광발전소,99.36,제주시,한림읍,태양광,2019.4.26,육상,2020.1.20
2018.9.19,후니3 태양광발전소,93.15,서귀포시,표선면,태양광,2019.3.4,육상,2020.1.20
2014.10.28,희윤2 태양광발전소,99,서귀포시,성산읍,태양광,2015.6.22,없음,2020.1.20
2014.10.29,희윤4 태양광발전소,99.28,서귀포시,성산읍,태양광,2019.7.11,없음,2020.1.20
2014.10.29,희윤5 태양광발전소,99.28,서귀포시,성산읍,태양광,2019.7.11,없음,2020.1.20
2014.10.29,희윤태양광발전소,99.28,서귀포시,성산읍,태양광,2019.7.11,없음,2020.1.20